,min,mean,std,max
frequency,1.0,1.7083333333333333,0.954584665735822,5.0
support,8.796622097114708e-05,0.00015027562749237626,8.39712056417859e-05,0.0004398311048557354
