,min,mean,std,max
frequency,1.0,3.3076923076923075,4.7501686879628355,18.0
support,9.428625306430322e-05,0.00031186991398192605,0.0004478756070113931,0.0016971525551574581
