,min,mean,std,max
frequency,1.0,5.9411764705882355,11.609664668951046,67.0
support,9.386146048432514e-05,0.0005576475005245199,0.0010897000815610143,0.0062887178524497845
