,min,mean,std,max
frequency,1.0,5.388888888888889,9.22505215712016,53.0
support,8.796622097114708e-05,0.0004764836969270466,0.0008244927060965062,0.004750175932441942
