,min,mean,std,max
frequency,1.0,8.293650793650794,17.444342331113525,158.0
support,9.39584703561026e-05,0.0007792587422391054,0.001639043721799636,0.014845438316264212
