,min,mean,std,max
frequency,1.0,2.5454545454545454,2.910794955459294,10.0
support,9.39584703561026e-05,0.0002391670154518975,0.000273493841535215,0.000939584703561026
