,min,mean,std,max
frequency,1.0,5.9411764705882355,11.609664668951046,67.0
support,9.39584703561026e-05,0.000558223853292139,0.0010908263336419286,0.006295217513858874
