,min,mean,std,max
frequency,1.0,7.992592592592593,16.914400954400172,158.0
support,8.796622097114708e-05,0.0007030781661323535,0.0014878959319493462,0.013898662913441238
