,min,mean,std,max
frequency,1.0,2.5454545454545454,2.910794955459294,10.0
support,9.386146048432514e-05,0.00023892008123282754,0.00027321146568981547,0.0009386146048432514
