,min,mean,std,max
frequency,1.0,3.3076923076923075,4.7501686879628355,18.0
support,9.386146048432514e-05,0.0003104648308327677,0.00044585777059910224,0.0016895062887178525
