,min,mean,std,max
frequency,1.0,5.9411764705882355,11.609664668951046,67.0
support,9.428625306430322e-05,0.0005601712682055663,0.0010946317809684184,0.006317178955308316
