,min,mean,std,max
frequency,1.0,1.5416666666666667,0.5089773777040515,2.0
support,9.385265133740028e-05,0.00015251055842327546,6.0713182283747205e-05,0.0002815579540122008
