,min,mean,std,max
frequency,1.0,8.330645161290322,17.541922734948965,158.0
support,9.428625306430322e-05,0.0007854653178663325,0.0016539621662218526,0.014897227984159909
