,min,mean,std,max
frequency,1.0,1.625,0.6468989572333266,3.0
support,9.428625306430322e-05,0.00015321516122949273,6.09936787887353e-05,0.0002828587591929097
