,min,mean,std,max
frequency,1.0,3.5,4.358898943540674,10.0
support,9.428625306430322e-05,0.00033000188572506134,0.00041098424887239994,0.0009428625306430323
