,min,mean,std,max
frequency,1.0,5.515151515151516,9.718285638813862,54.0
support,9.428625306430322e-05,0.0005200029714455512,0.0009163007390923875,0.005091457665472374
