,min,mean,std,max
frequency,1.0,5.794117647058823,11.637919765601936,67.0
support,9.385265133740028e-05,0.0005575951638280839,0.001089597810319197,0.006288127639605819
