,min,mean,std,max
frequency,1.0,2.5454545454545454,2.910794955459294,10.0
support,9.428625306430322e-05,0.0002400013714364082,0.00027444794978873224,0.0009428625306430323
