,min,mean,std,max
frequency,1.0,8.277777777777779,17.432217937549492,158.0
support,9.386146048432514e-05,0.000778454176239046,0.0016373514483868526,0.014830110756523372
