,min,mean,std,max
frequency,1.0,1.625,0.6468989572333266,3.0
support,9.39584703561026e-05,0.00015268251432866672,6.078163649660119e-05,0.0002818754110683078
