,min,mean,std,max
frequency,1.0,3.142857142857143,4.605300338608894,18.0
support,8.796622097114708e-05,0.00027646526590931946,0.0004051108672245685,0.0015833919774806474
