,min,mean,std,max
frequency,1.0,5.235294117647059,10.79658170304788,46.0
support,9.39584703561026e-05,0.0004919002271584197,0.001014430301893064,0.00432208963638072
