,min,mean,std,max
frequency,1.0,2.3636363636363638,2.802596198981483,10.0
support,9.385265133740028e-05,0.0002388976579497462,0.00027318582406938473,0.0009385265133740028
