,min,mean,std,max
frequency,1.0,2.5454545454545454,2.910794955459294,10.0
support,8.796622097114708e-05,0.00022391401701746534,0.0002560516322536325,0.0008796622097114708
