,min,mean,std,max
frequency,1.0,2.6,1.6733200530681511,5.0
support,9.39584703561026e-05,0.0002442920229258668,0.0001572225926024759,0.000469792351780513
