,min,mean,std,max
frequency,1.0,2.6,1.6733200530681511,5.0
support,8.796622097114708e-05,0.0002287121745249824,0.00014719564154364455,0.0004398311048557354
