,min,mean,std,max
frequency,1.0,2.6,1.6733200530681511,5.0
support,9.386146048432514e-05,0.00024403979725924537,0.0001570602640386851,0.0004693073024216257
