,min,mean,std,max
frequency,1.0,1.8333333333333333,1.6020819787597222,5.0
support,8.796622097114708e-05,0.00016127140511376965,0.00014092909735747026,0.0004398311048557354
