,min,mean,std,max
frequency,1.0,2.8,3.4928498393145966,9.0
support,8.796622097114708e-05,0.0002463054187192118,0.0003072528007841833,0.0007916959887403237
