,min,mean,std,max
frequency,1.0,1.6153846153846154,1.1929278784054478,5.0
support,9.39584703561026e-05,0.00015177906749831962,0.00011208567870012667,0.000469792351780513
