,min,mean,std,max
frequency,1.0,2.2,1.6431676725154984,5.0
support,9.385265133740028e-05,0.0002440168934772407,0.00015704552351648531,0.0004692632566870014
