,min,mean,std,max
frequency,1.0,2.6,1.6733200530681511,5.0
support,9.428625306430322e-05,0.0002451442579671884,0.000157771077981157,0.00047143126532151613
