,min,mean,std,max
frequency,1.0,30.234375,51.37219993914317,224.0
support,9.428625306430322e-05,0.0028639449368282107,0.004848868030836227,0.021120120686403922
