,min,mean,std,max
frequency,1.0,1.1111111111111112,0.4714045207910317,3.0
support,9.386146048432514e-05,0.00010429051164925015,4.424671680035965e-05,0.0002815843814529754
