,min,mean,std,max
frequency,1.0,19.306451612903224,34.556007619694356,149.0
support,8.796622097114708e-05,0.0016983155887494046,0.003039761402154676,0.013106966924700914
