,min,mean,std,max
frequency,1.0,30.234375,51.44969563132085,224.0
support,9.385265133740028e-05,0.0028507742843735333,0.004826569153922949,0.021022993899577663
