,min,mean,std,max
frequency,1.0,12.289156626506024,45.64270842321779,313.0
support,8.796622097114708e-05,0.0010810306673562655,0.004015016574878412,0.027533427163969035
