,min,mean,std,max
frequency,1.0,2.9411764705882355,3.8482234250900462,17.0
support,8.796622097114708e-05,0.00025872417932690315,0.00033851367215781544,0.0014954257565095003
