,min,mean,std,max
frequency,1.0,1.6,0.6805570473787205,3.0
support,9.428625306430322e-05,0.00015085800490288517,6.416717399384505e-05,0.0002828587591929097
