,min,mean,std,max
frequency,1.0,1.6153846153846154,1.1929278784054478,5.0
support,9.386146048432514e-05,0.0001516223592439098,0.00011196995291960278,0.0004693073024216257
