,min,mean,std,max
frequency,1.0,1.625,0.6468989572333266,3.0
support,9.386146048432514e-05,0.00015252487328702835,6.0718880911707014e-05,0.0002815843814529754
