,min,mean,std,max
frequency,1.0,19.02469135802469,50.380793788070164,315.0
support,9.39584703561026e-05,0.0017886908801124715,0.00473471556699585,0.02959691816217232
