,min,mean,std,max
frequency,1.0,30.34375,51.39119149710448,224.0
support,9.39584703561026e-05,0.0028539885370666165,0.004832011118580196,0.021046697359766983
