,min,mean,std,max
frequency,1.0,19.012345679012345,50.388861325485536,315.0
support,9.386146048432514e-05,0.0017868440995904857,0.004729827086496794,0.02956636005256242
