,min,mean,std,max
frequency,1.0,1.6153846153846154,1.1929278784054478,5.0
support,9.428625306430322e-05,0.000152308562642336,0.00011247669983079841,0.00047143126532151613
