,min,mean,std,max
frequency,1.0,1.7272727272727273,1.2720777563426766,5.0
support,9.428625306430322e-05,0.00016285807347470559,0.00011993944525199667,0.00047143126532151613
