,min,mean,std,max
frequency,1.0,1.1111111111111112,0.4714045207910317,3.0
support,9.428625306430322e-05,0.00010476250340478137,4.444696594295981e-05,0.0002828587591929097
