,min,mean,std,max
frequency,1.0,19.083333333333332,32.91246307994437,147.0
support,9.428625306430322e-05,0.0018071531837324786,0.003108135450383949,0.013860079200452574
