,min,mean,std,max
frequency,1.0,30.25,51.418297033655925,224.0
support,9.386146048432514e-05,0.0028510418622113756,0.004827022182752865,0.02102496714848883
