,min,mean,std,max
frequency,1.0,1.5384615384615385,1.1266014242982163,5.0
support,9.385265133740028e-05,0.00015160812908349274,0.00011195944424265113,0.0004692632566870014
