,min,mean,std,max
frequency,1.0,13.597014925373134,50.23099963456484,313.0
support,9.428625306430322e-05,0.001283418847681262,0.004737454705542954,0.02951159720912691
