,min,mean,std,max
frequency,1.0,1.1176470588235294,0.485071250072666,3.0
support,9.428625306430322e-05,0.0001053787534248095,4.57355506385693e-05,0.0002828587591929097
