,min,mean,std,max
frequency,1.0,7.875,10.815828348173008,33.0
support,9.428625306430322e-05,0.0007425042428813879,0.0010197839287359048,0.0031114463511220064
