,min,mean,std,max
frequency,1.0,8.142857142857142,17.484491087001317,158.0
support,9.385265133740028e-05,0.0007783811162506614,0.0016371977786122504,0.014828718911309244
