,min,mean,std,max
frequency,1.0,5.176470588235294,10.560748636564828,45.0
support,9.386146048432514e-05,0.0004913923519473491,0.001013382926886416,0.004317627182278956
