,min,mean,std,max
frequency,1.0,5.235294117647059,10.79658170304788,46.0
support,9.428625306430322e-05,0.0004936162660425286,0.0010179692346829982,0.0043371676409579485
