,min,mean,std,max
frequency,1.0,10.222222222222221,21.455968536949943,133.0
support,9.428625306430322e-05,0.0009659102813920844,0.0020244272308865088,0.012540071657552328
