,min,mean,std,max
frequency,1.0,5.254545454545455,9.358738607504915,64.0
support,9.386146048432514e-05,0.0004940525965493113,0.0008800098110975029,0.006007133470996809
