,min,mean,std,max
frequency,1.0,4.701923076923077,7.676568569597624,57.0
support,9.428625306430322e-05,0.0004433267091196564,0.0007237948868185579,0.0053743164246652835
