,min,mean,std,max
frequency,1.0,5.055555555555555,10.501945042381559,46.0
support,8.796622097114708e-05,0.00044471811713191027,0.0009238164182249788,0.004046446164672765
