,min,mean,std,max
frequency,1.0,18.88888888888889,50.41453163523391,315.0
support,9.385265133740028e-05,0.0017866763995342126,0.004729383179684358,0.02956358517128109
