,min,mean,std,max
frequency,1.0,4.983050847457627,8.309178377771882,57.0
support,8.796622097114708e-05,0.0004383401519579193,0.0007309270212677589,0.005014074595355383
