,min,mean,std,max
frequency,1.0,3.75,3.593976442141304,9.0
support,9.428625306430322e-05,0.0003535734489911371,0.0003388625723308792,0.0008485762775787291
