,min,mean,std,max
frequency,1.0,10.133333333333333,21.470487143560998,133.0
support,9.385265133740028e-05,0.0009614682725898116,0.00201511733559665,0.012482402627874237
