,min,mean,std,max
frequency,1.0,5.5,11.093541664710449,46.0
support,9.428625306430322e-05,0.0005185743918536677,0.0010459684767782811,0.0043371676409579485
