,min,mean,std,max
frequency,1.0,5.127272727272727,9.347627958848571,64.0
support,9.385265133740028e-05,0.000494006228403225,0.000879927219843529,0.006006569685593618
