,min,mean,std,max
frequency,1.0,3.2,3.3466401061363023,9.0
support,8.796622097114708e-05,0.00028149190710767064,0.0002943912830872891,0.0007916959887403237
