,min,mean,std,max
frequency,1.0,5.263636363636364,9.375624527432802,64.0
support,9.39584703561026e-05,0.0004945632212380308,0.0008809193392307431,0.0060133421027905665
