,min,mean,std,max
frequency,1.0,8.293650793650794,17.444342331113525,158.0
support,9.428625306430322e-05,0.0007819772575571179,0.0016447616755717073,0.014897227984159909
