,min,mean,std,max
frequency,1.0,19.0,50.37831874923974,315.0
support,9.428625306430322e-05,0.0017949308916685872,0.00475123305483093,0.029700169715255516
