,min,mean,std,max
frequency,1.0,10.409090909090908,21.623972680873678,133.0
support,9.428625306430322e-05,0.0009835770490117088,0.002040270548149393,0.012540071657552328
