,min,mean,std,max
frequency,1.0,8.625,10.636023693091325,33.0
support,9.428625306430322e-05,0.0008132189326796154,0.0010028308215247336,0.0031114463511220064
