,min,mean,std,max
frequency,1.0,5.263636363636364,9.375624527432802,64.0
support,9.428625306430322e-05,0.000496288550220287,0.000883992506829417,0.006034320196115406
