,min,mean,std,max
frequency,1.0,3.5,3.696845502136472,9.0
support,9.385265133740028e-05,0.00035194744251525103,0.00033730421793911816,0.0008446738620366026
