,min,mean,std,max
frequency,1.0,5.117647058823529,10.810193990749983,46.0
support,9.385265133740028e-05,0.000491346233472272,0.001013287818211908,0.004317221961520413
