,min,mean,std,max
frequency,1.0,1.8333333333333333,1.6020819787597222,5.0
support,9.385265133740028e-05,0.0001720631941185672,0.00015035964136646854,0.0004692632566870014
