,min,mean,std,max
frequency,1.0,1.2105263157894737,0.5353033790313108,3.0
support,8.796622097114708e-05,0.00010648542538612543,4.708861532646999e-05,0.00026389866291344125
