,min,mean,std,max
frequency,1.0,7.909090909090909,15.049614915037164,50.0
support,8.796622097114708e-05,0.0006957328385899813,0.0013238577511468302,0.004398311048557354
