,min,mean,std,max
frequency,1.0,7.818181818181818,14.770363447242467,49.0
support,9.386146048432514e-05,0.0007423588238305714,0.0014125788356520708,0.0046930730242162565
