,min,mean,std,max
frequency,1.0,1.0555555555555556,0.23570226039551584,2.0
support,9.385265133740028e-05,0.00010428072370822252,4.424256412867496e-05,0.0002815579540122008
