,min,mean,std,max
frequency,1.0,3.230769230769231,4.7636443708895495,18.0
support,9.385265133740028e-05,0.0003104356928852471,0.00044581592566521214,0.0016893477240732052
