,min,mean,std,max
frequency,1.0,7.909090909090909,15.049614915037164,50.0
support,9.39584703561026e-05,0.0007431260837255389,0.001414038796865279,0.00469792351780513
