,min,mean,std,max
frequency,1.0,1.8333333333333333,1.6020819787597222,5.0
support,9.386146048432514e-05,0.00017207934422126274,0.0001503737543420051,0.0004693073024216257
