,min,mean,std,max
frequency,1.0,10.177777777777777,21.409735348125338,133.0
support,9.386146048432514e-05,0.0009615585174060863,0.002015306477452817,0.012483574244415242
