,min,mean,std,max
frequency,1.0,1.8333333333333333,1.6020819787597222,5.0
support,9.39584703561026e-05,0.00017225719565285477,0.00015052917210934158,0.000469792351780513
