,min,mean,std,max
frequency,1.0,7.909090909090909,15.049614915037164,50.0
support,9.385265133740028e-05,0.0007422891514867114,0.001412446261383122,0.004692632566870014
