,min,mean,std,max
frequency,1.0,10.244444444444444,21.47107521078231,133.0
support,9.39584703561026e-05,0.000962552329648073,0.0020173893837059395,0.012496476557361646
