,min,mean,std,max
frequency,1.0,1.8333333333333333,1.6020819787597222,5.0
support,9.428625306430322e-05,0.00017285813061788924,0.00015105430687909884,0.00047143126532151613
