,min,mean,std,max
frequency,1.0,3.3076923076923075,4.7501686879628355,18.0
support,9.39584703561026e-05,0.00031078570963941635,0.00044631858385444284,0.0016912524664098468
