,min,mean,std,max
frequency,1.0,7.818181818181818,14.770363447242467,49.0
support,9.428625306430322e-05,0.0007457185469631253,0.0014189718003995064,0.004714312653215161
