,min,mean,std,max
frequency,1.0,1.1111111111111112,0.4714045207910317,3.0
support,9.39584703561026e-05,0.00010439830039566956,4.4292447692476904e-05,0.0002818754110683078
