,min,mean,std,max
frequency,1.0,10.063829787234043,21.00145363014412,133.0
support,8.796622097114708e-05,0.0008852770748798418,0.001847418510744556,0.011699507389162561
