,min,mean,std,max
frequency,1.0,2.8,3.4928498393145966,9.0
support,9.385265133740028e-05,0.00026278742374472074,0.0003278132181430874,0.0008446738620366026
