,min,mean,std,max
frequency,1.0,2.8,3.4928498393145966,9.0
support,9.386146048432514e-05,0.00026281208935611036,0.0003278439871705084,0.0008447531443589262
