,min,mean,std,max
frequency,1.0,2.8,3.4928498393145966,9.0
support,9.39584703561026e-05,0.00026308371699708735,0.00032818282808555824,0.0008456262332049234
