,min,mean,std,max
frequency,1.0,2.8,3.4928498393145966,9.0
support,9.428625306430322e-05,0.0002640015085800491,0.0003293277238652269,0.0008485762775787291
