,min,mean,std,max
frequency,1.0,3.75,3.593976442141304,9.0
support,9.39584703561026e-05,0.0003523442638353848,0.00033768452899946477,0.0008456262332049234
