,min,mean,std,max
frequency,1.0,3.75,3.593976442141304,9.0
support,9.386146048432514e-05,0.00035198047681621927,0.00033733587780564146,0.0008447531443589262
