,min,mean,std,max
Frequency,0.0,1559.3333333333333,1950.102753702994,4991.0
