,min,mean,std,max
Frequency,0.0,3038.1111111111113,3901.4581070557597,10282.0
