,min,mean,std,max
Frequency,0.0,2543.777777777778,3060.007997447792,8886.0
