,min,mean,std,max
Frequency,0.0,585.6363636363636,1475.277597144471,8466.0
