,min,mean,std,max
Frequency,0.0,14.115530303030303,212.83038811152664,4865.0
