,min,mean,std,max
Frequency,0.0,433.42424242424244,682.6728732665005,3437.0
