,min,mean,std,max
Frequency,0.0,433.24242424242425,682.5952786197246,3437.0
