,min,mean,std,max
Frequency,0.0,585.8181818181819,1475.2941328457491,8466.0
