,Report Count,Proportion
Tuesday,782,0.1846081208687441
Wednesday,772,0.182247403210576
Thursday,763,0.18012275731822475
Friday,741,0.17492917847025496
Monday,734,0.1732766761095373
Sunday,226,0.05335221907459868
Saturday,218,0.05146364494806421
