,Report Count,Proportion
Tuesday,781,0.1845899314582841
Wednesday,771,0.18222642401323563
Thursday,761,0.1798629165681872
Friday,741,0.1751359016780903
Monday,733,0.17324509572205152
Sunday,226,0.05341526825809501
Saturday,218,0.05152446230205625
