,Report Count,Proportion
Tuesday,778,0.18431651267472163
Wednesday,769,0.18218431651267472
Thursday,760,0.18005212035062781
Friday,739,0.17507699597251836
Monday,731,0.17318171049514333
Sunday,226,0.05354181473584459
Saturday,218,0.051646529258469555
