,Report Count,Proportion
Tuesday,782,0.1846517119244392
Wednesday,772,0.18229043683589138
Thursday,762,0.17992916174734355
Friday,741,0.17497048406139315
Monday,734,0.17331759149940967
Sunday,226,0.05336481700118064
Saturday,218,0.051475796930342384
