Year,Proportion
2009,0.07776049766718507
2010,0.05597964376590331
2011,0.05035128805620609
2012,0.04530313124583611
2013,0.09722222222222222
2014,0.20921985815602837
2015,0.24280575539568344
2016,0.1776798825256975
2017,0.2570281124497992
2018,0.2658959537572254
2019,0.2503987240829346
2020,0.225
2021,0.21188630490956073
2022,0.18271604938271604
2023,0.14782608695652175
2024,0.10513447432762836
