Year,Proportion
2009,0.07547169811320754
2010,0.055
2011,0.04901215805471125
2012,0.043092522179974654
2013,0.09090909090909091
2014,0.2045060658578856
2015,0.23478260869565218
2016,0.17335243553008595
2017,0.255659121171771
2018,0.2632331902718169
2019,0.24841772151898733
2020,0.23295454545454544
2021,0.21079691516709512
2022,0.17966903073286053
2023,0.14742014742014742
2024,0.1066350710900474
