Year,Proportion
2009,0.2192846034214619
2010,0.18284260268993094
2011,0.17135050741608118
2012,0.290473017988008
2013,0.26666666666666666
2014,0.14716312056737588
2015,0.2068345323741007
2016,0.2305433186490455
2017,0.107095046854083
2018,0.04335260115606936
2019,0.06698564593301436
2020,0.0673076923076923
2021,0.09431524547803617
2022,0.1037037037037037
2023,0.11801242236024845
2024,0.07579462102689487
