Year,0
2009,0.023773584905660377
2010,0.018787663948954272
2011,0.048466489965922
2012,0.018957345971563982
2013,0.06388206388206388
2014,0.0391156462585034
2015,0.020869565217391306
2016,0.06017191977077364
2017,0.06382978723404255
2018,0.03857142857142857
2019,0.0490506329113924
2020,0.014925373134328358
2021,0.04113110539845758
2022,0.06356968215158924
2023,0.0647921760391198
2024,0.053864168618266976
