Year,Proportion
2009,0.023773584905660377
2010,0.018787663948954272
2011,0.048466489965922
2012,0.018957345971563982
2013,0.06388206388206388
2014,0.0391156462585034
2015,0.020869565217391306
2016,0.06017191977077364
2017,0.06382978723404255
2018,0.038461538461538464
2019,0.0490506329113924
2020,0.015151515151515152
2021,0.04113110539845758
2022,0.061465721040189124
2023,0.06503067484662577
2024,0.054502369668246446
