Year,Proportion
2009,0.023773584905660377
2010,0.01892857142857143
2011,0.0486322188449848
2012,0.019011406844106463
2013,0.06753246753246753
2014,0.03986135181975736
2015,0.020869565217391306
2016,0.06017191977077364
2017,0.06391478029294274
2018,0.03862660944206009
2019,0.0490506329113924
2020,0.015151515151515152
2021,0.04113110539845758
2022,0.061465721040189124
2023,0.06511056511056511
2024,0.054502369668246446
