Year,Proportion
2009,0.0026415094339622643
2010,0.004642857142857143
2011,0.004559270516717325
2012,0.0015842839036755386
2013,0.0
2014,0.0017331022530329288
2015,0.0
2016,0.0
2017,0.0
2018,0.001430615164520744
2019,0.0015822784810126582
2020,0.0
2021,0.0012853470437017994
2022,0.0
2023,0.0
2024,0.0
