Year,Proportion
2009,0.0027216174183514776
2010,0.004725554343874954
2011,0.00468384074941452
2012,0.0016655562958027982
2013,0.0
2014,0.0017730496453900709
2015,0.0
2016,0.0
2017,0.0
2018,0.001445086705202312
2019,0.001594896331738437
2020,0.0
2021,0.0012919896640826874
2022,0.0
2023,0.0
2024,0.0
