Year,Proportion
2009,0.6041509433962264
2010,0.6341722793335697
2011,0.6081029912911776
2012,0.7023696682464455
2013,0.3316953316953317
2014,0.20748299319727892
2015,0.2591304347826087
2016,0.2722063037249284
2017,0.14361702127659576
2018,0.07407407407407407
2019,0.08227848101265822
2020,0.0914179104477612
2021,0.16195372750642673
2022,0.1687041564792176
2023,0.20048899755501223
2024,0.17330210772833723
