Year,Proportion
2009,0.6061430793157077
2010,0.6419483824063976
2011,0.6112412177985949
2012,0.7158560959360426
2013,0.3416666666666667
2014,0.20921985815602837
2015,0.2446043165467626
2016,0.2599118942731278
2017,0.14056224899598393
2018,0.0708092485549133
2019,0.08133971291866028
2020,0.09230769230769231
2021,0.16020671834625322
2022,0.16419753086419753
2023,0.19627329192546583
2024,0.16381418092909536
