Year,Proportion
2009,0.6041509433962264
2010,0.6341722793335697
2011,0.6081029912911776
2012,0.7023696682464455
2013,0.3316953316953317
2014,0.20748299319727892
2015,0.2591304347826087
2016,0.2722063037249284
2017,0.14361702127659576
2018,0.07407407407407407
2019,0.08227848101265822
2020,0.0928030303030303
2021,0.16195372750642673
2022,0.16312056737588654
2023,0.20122699386503068
2024,0.17535545023696683
