Year,Proportion
2009,0.24339622641509434
2010,0.21588089330024815
2011,0.20181749337372207
2012,0.18925750394944707
2013,0.2972972972972973
2014,0.3231292517006803
2015,0.38956521739130434
2016,0.3753581661891118
2017,0.39893617021276595
2018,0.44871794871794873
2019,0.3686708860759494
2020,0.3768939393939394
2021,0.2892030848329049
2022,0.3203309692671395
2023,0.32515337423312884
2024,0.31990521327014215
