Year,Proportion
2009,0.23678071539657855
2010,0.2119229371137768
2011,0.19633099141295862
2012,0.17288474350433045
2013,0.3
2014,0.32092198581560283
2015,0.3920863309352518
2016,0.3788546255506608
2017,0.4002677376171352
2018,0.44942196531791906
2019,0.3652312599681021
2020,0.38076923076923075
2021,0.28811369509043927
2022,0.3333333333333333
2023,0.3267080745341615
2024,0.3202933985330073
