Year,Proportion
2009,0.24339622641509434
2010,0.21588089330024815
2011,0.20181749337372207
2012,0.18925750394944707
2013,0.2972972972972973
2014,0.3231292517006803
2015,0.38956521739130434
2016,0.3753581661891118
2017,0.39893617021276595
2018,0.44871794871794873
2019,0.3686708860759494
2020,0.3712686567164179
2021,0.2892030848329049
2022,0.3312958435207824
2023,0.32396088019559904
2024,0.3161592505854801
