Year,Proportion
2009,0.046037735849056606
2010,0.06035714285714286
2011,0.07142857142857142
2012,0.03136882129277566
2013,0.11168831168831168
2014,0.15771230502599654
2015,0.06608695652173913
2016,0.09025787965616046
2017,0.10252996005326231
2018,0.11015736766809728
2019,0.12183544303797468
2020,0.1590909090909091
2021,0.18508997429305912
2022,0.13356973995271867
2023,0.14742014742014742
2024,0.17535545023696683
