Year,Proportion
2009,0.04743390357698289
2010,0.06143220647037441
2011,0.07338017174082748
2012,0.032978014656895406
2013,0.11944444444444445
2014,0.16134751773049646
2015,0.0683453237410072
2016,0.09251101321585903
2017,0.10307898259705489
2018,0.11127167630057803
2019,0.12280701754385964
2020,0.16153846153846155
2021,0.18604651162790697
2022,0.13950617283950617
2023,0.14906832298136646
2024,0.18092909535452323
