Year,Proportion
2009,0.004528301886792453
2010,0.004253810705423609
2011,0.0034078000757288905
2012,0.005687203791469194
2013,0.044226044226044224
2014,0.04421768707482993
2015,0.029565217391304348
2016,0.027220630372492838
2017,0.034574468085106384
2018,0.05698005698005698
2019,0.07120253164556962
2020,0.07575757575757576
2021,0.09897172236503857
2022,0.05673758865248227
2023,0.05766871165644172
2024,0.04265402843601896
