Year,Proportion
2009,0.004528301886792453
2010,0.004285714285714286
2011,0.003419452887537994
2012,0.005703422053231939
2013,0.046753246753246755
2014,0.045060658578856154
2015,0.029565217391304348
2016,0.027220630372492838
2017,0.03462050599201065
2018,0.05722460658082976
2019,0.07120253164556962
2020,0.07575757575757576
2021,0.09897172236503857
2022,0.05673758865248227
2023,0.05773955773955774
2024,0.04265402843601896
