,min,mean,std,max
frequency,1.0,4.933333333333334,4.697517074654084,18.0
support,8.809020436927414e-05,0.0004345783415550857,0.0004138052391344332,0.0015856236786469344
