,min,mean,std,max
support,0.021195652173913,0.021195652173913,,0.021195652173913
frequency,39.0,39.0,,39.0
