,min,mean,std,max
frequency,1.0,4.230769230769231,4.885142309556129,20.0
support,8.803591865481116e-05,0.00037584565271861687,0.00043739426345671474,0.0017607183730962233
