,min,mean,std,max
support,0.000734214390602,0.0036145939229639155,0.0026719341568884015,0.0088105726872246
frequency,1.0,4.923076923076923,3.6391743216820136,12.0
