,min,mean,std,max
frequency,1.0,3.25,4.575556172282697,22.0
support,8.809020436927414e-05,0.00028629316420014097,0.00040306167831947646,0.001937984496124031
