,min,mean,std,max
frequency,38.0,89.5,72.8319984622144,141.0
support,0.0033474277660324172,0.007884073291050035,0.006415785629159126,0.012420718816067653
