,min,mean,std,max
support,0.000646830530401,0.003880983182406167,0.0036013999759573357,0.0077619663648124
frequency,1.0,6.0,5.5677643628300215,12.0
