,min,mean,std,max
frequency,38.0,89.5,72.8319984622144,141.0
support,0.0033512655436987388,0.007893112267395714,0.006423141234872069,0.012434958991092688
