,min,mean,std,max
frequency,1.0,4.3076923076923075,5.097208889337229,21.0
support,8.798944126704795e-05,0.00037903143930420656,0.0004485005621942128,0.001847778266608007
