,min,mean,std,max
support,0.0001158882836945,0.0005705269351114231,0.0004217376662048852,0.0013906594043342
frequency,1.0,4.923076923076923,3.6391743216820136,12.0
