,min,mean,std,max
frequency,1.0,4.933333333333334,4.697517074654084,18.0
support,8.819119851838787e-05,0.0004350765793573802,0.000414279660874335,0.0015874415733309816
