,min,mean,std,max
frequency,1.0,3.25,4.575556172282697,22.0
support,8.803591865481116e-05,0.0002861167356281362,0.0004028132909835986,0.0019367902104058456
