,min,mean,std,max
frequency,1.0,4.933333333333334,4.697517074654084,18.0
support,8.803591865481116e-05,0.0004343105320304018,0.0004135502310638335,0.001584646535786601
