,min,mean,std,max
frequency,1.0,5.75,5.909032633745278,14.0
support,8.809020436927414e-05,0.0005065186751233262,0.0005205278923313318,0.0012332628611698379
