,min,mean,std,max
frequency,1.0,4.933333333333334,4.697517074654084,18.0
support,8.798944126704795e-05,0.00043408124358410325,0.00041333190274123053,0.0015838099428068632
