,min,mean,std,max
frequency,38.0,89.5,72.8319984622144,141.0
support,0.0033435987681478224,0.007875054993400792,0.00640844685105274,0.012406511218653762
