,min,mean,std,max
frequency,38.0,89.5,72.8319984622144,141.0
support,0.003345364908882824,0.0078792147196056,0.006411831892086839,0.012413064530328375
