,min,mean,std,max
frequency,1.0,39.45454545454545,91.85462823000661,313.0
support,8.803591865481116e-05,0.003473417154198914,0.008086506578924785,0.027555242538955894
