,min,mean,std,max
frequency,1.0,1.5,0.7071067811865476,2.0
support,8.798944126704795e-05,0.00013198416190057192,6.221793059274505e-05,0.0001759788825340959
