,min,mean,std,max
support,0.0001158882836945,0.0063303974968130375,0.012096227468306239,0.0343029319735774
frequency,1.0,54.625,104.37834682401464,296.0
