,min,mean,std,max
support,0.0001158882836945,0.0009043830766748294,0.0012950523963528313,0.0063738556031985
frequency,1.0,7.803921568627451,11.17500712812862,55.0
