,min,mean,std,max
frequency,1.0,9.276923076923078,33.91925508298517,264.0
support,8.809020436927414e-05,0.0008172060497641893,0.0029879541123137045,0.023255813953488372
