,min,mean,std,max
support,0.0001158882836945,0.0005070112411634812,0.0005093374665679028,0.0017383242554177
frequency,1.0,4.375,4.39507299901454,15.0
