,min,mean,std,max
frequency,1.0,9.64864864864865,15.090986543667796,75.0
support,8.819119851838787e-05,0.0008521176613600988,0.001334796683349164,0.00661433988887909
