,min,mean,std,max
frequency,1.0,4.269230769230769,4.9683614386048225,20.0
support,8.809020436927414e-05,0.0003760774109611319,0.0004376639745071197,0.0017618040873854828
