,min,mean,std,max
frequency,1.0,9.621621621621621,15.123874533199634,75.0
support,8.803591865481116e-05,0.0008506173221377023,0.0013324464823044433,0.006602693899110838
