,min,mean,std,max
frequency,1.0,9.635135135135135,15.088391913303207,75.0
support,8.798944126704795e-05,0.0008501682500802604,0.001331743034975466,0.006599208095028597
