,min,mean,std,max
support,0.0003748125937031,0.0028378667808952,0.0025499852002121887,0.0078710644677661
frequency,1.0,7.285714285714286,6.897204402613321,21.0
