,min,mean,std,max
support,0.0006631299734748,0.0006631299734748,,0.0006631299734748
frequency,2.0,2.0,,2.0
