,min,mean,std,max
frequency,1.0,9.276923076923078,33.91925508298517,264.0
support,8.798944126704795e-05,0.0008162712782158448,0.0029845363029463415,0.023229212494500658
