,min,mean,std,max
support,0.0001158882836945,0.0008774398622584572,0.0007884297733417372,0.0024336539575848
frequency,1.0,7.571428571428571,6.80336051416609,21.0
