,min,mean,std,max
frequency,1.0,4.269230769230769,4.9683614386048225,20.0
support,8.819119851838787e-05,0.0003765085782900405,0.00043816574994310107,0.0017638239703677574
