,min,mean,std,max
frequency,1.0,6.777777777777778,6.942221866552844,22.0
support,8.819119851838787e-05,0.0005977403455135178,0.000612242866791855,0.001940206367404533
