,min,mean,std,max
frequency,1.0,1.25,0.5,2.0
support,8.809020436927414e-05,0.00011011275546159268,4.404510218463707e-05,0.00017618040873854828
