,min,mean,std,max
support,0.0003954132068011,0.0003954132068011,,0.0003954132068011
frequency,1.0,1.0,,1.0
