,min,mean,std,max
support,0.000263574064312,0.0011531365313652625,0.0011584272532985166,0.003953610964681
frequency,1.0,4.375,4.39507299901454,15.0
