,min,mean,std,max
frequency,1.0,9.64864864864865,15.123629730690498,75.0
support,8.809020436927414e-05,0.0008511418395139324,0.0013332681106850046,0.0066067653276955605
