,min,mean,std,max
frequency,1.0,6.777777777777778,6.942221866552844,22.0
support,8.809020436927414e-05,0.0005970558296139691,0.0006115417430014837,0.001937984496124031
