,min,mean,std,max
support,0.0001158882836945,0.0012520973260037825,0.004281118058685029,0.0279290763703789
frequency,1.0,10.804347826086957,36.94176772839316,241.0
