,min,mean,std,max
support,0.0003998400639744,0.0031203204992512486,0.004468215565025426,0.0219912035185925
frequency,1.0,7.803921568627451,11.17500712812862,55.0
