,min,mean,std,max
frequency,1.0,5.75,5.909032633745278,14.0
support,8.803591865481116e-05,0.0005062065322651642,0.0005202071162730239,0.0012325028611673563
