,min,mean,std,max
support,0.0001964250638381,0.00024007507802435553,0.0001309500425587667,0.0005892751915144
frequency,1.0,1.2222222222222223,0.6666666666666667,3.0
