,min,mean,std,max
support,0.0003210272873194,0.00048154093097909994,0.00022700057180946988,0.0006420545746388
frequency,1.0,1.5,0.7071067811865476,2.0
