,min,mean,std,max
frequency,1.0,4.222222222222222,7.870479302078397,25.0
support,8.803591865481116e-05,0.0003717072120980916,0.0006928848756121487,0.002200897966370279
