,min,mean,std,max
frequency,1.0,5.75,5.909032633745278,14.0
support,8.798944126704795e-05,0.0005059392872855257,0.0005199324798719999,0.0012318521777386713
