,min,mean,std,max
support,0.001150747986191,0.001150747986191,,0.001150747986191
frequency,3.0,3.0,,3.0
