,min,mean,std,max
support,0.4503846153846154,0.4503846153846154,,0.4503846153846154
frequency,1171.0,1171.0,,1171.0
