,min,mean,std,max
support,0.0001470588235294,0.0156862745098039,0.0402073543486009,0.1397058823529411
frequency,0.0,105.85714285714286,273.73678702620253,950.0
