,min,mean,std,max
frequency,1.0,6.666666666666667,6.837397165588672,22.0
support,8.803591865481116e-05,0.0005966878931048312,0.0006111648795274975,0.0019367902104058456
