,min,mean,std,max
support,0.0001158882836945,0.0006953297021670667,0.0006452386560238804,0.0013906594043342
frequency,1.0,6.0,5.5677643628300215,12.0
