,min,mean,std,max
support,0.0002525890376357,0.0003367853835143,0.00014583234887337762,0.0005051780752715
frequency,1.0,1.3333333333333333,0.5773502691896257,2.0
