,min,mean,std,max
support,0.0003570153516601,0.0003570153516601,,0.0003570153516601
frequency,1.0,1.0,,1.0
