,min,mean,std,max
frequency,1.0,1.25,0.5,2.0
support,8.803591865481116e-05,0.00011004489831851395,4.401795932740558e-05,0.00017607183730962233
