,min,mean,std,max
frequency,1.0,6.666666666666667,6.837397165588672,22.0
support,8.798944126704795e-05,0.0005963728796988805,0.0006108422231898674,0.001935767707875055
