,min,mean,std,max
frequency,1.0,7.6075949367088604,17.217624930404206,133.0
support,8.819119851838787e-05,0.0006709229153107737,0.0015184429782524223,0.011729429402945586
