,min,mean,std,max
frequency,1.0,39.45454545454545,91.85462823000661,313.0
support,8.809020436927414e-05,0.0034755589723877256,0.00809149297304498,0.027572233967582804
