,min,mean,std,max
frequency,1.0,7.6075949367088604,17.245153701628595,133.0
support,8.798944126704795e-05,0.0006705018182628209,0.001517711021550061,0.011702595688517378
