,min,mean,std,max
frequency,1.0,4.222222222222222,7.870479302078397,25.0
support,8.798944126704795e-05,0.0003715109742386469,0.0006925190762937436,0.002199736031676199
