,min,mean,std,max
frequency,1.0,4.222222222222222,7.870479302078397,25.0
support,8.819119851838787e-05,0.0003723628381887488,0.0006941070025644586,0.002204779962959697
