,min,mean,std,max
frequency,1.0,39.45454545454545,91.85462823000661,313.0
support,8.819119851838787e-05,0.003479543650634577,0.008100769753065227,0.0276038451362554
