,min,mean,std,max
support,0.0001899696048632,0.001985075646323513,0.005001422472950868,0.030015197568389
frequency,1.0,10.44943820224719,26.32748789761337,158.0
