,min,mean,std,max
support,0.0001158882836945,0.0008959055777922006,0.002217834260571651,0.0149495885965928
frequency,1.0,7.730769230769231,19.13769183447285,129.0
