,min,mean,std,max
frequency,1.0,39.45454545454545,91.85462823000661,313.0
support,8.798944126704795e-05,0.0034715834099908003,0.008082237415750692,0.02754069511658601
