,min,mean,std,max
frequency,1.0,3.25,4.575556172282697,22.0
support,8.819119851838787e-05,0.0002866213951847605,0.0004035237827218183,0.001940206367404533
