,min,mean,std,max
support,0.0001355564592652,0.0014363216322150706,0.004956757117686599,0.0326691066829334
frequency,0.0,9.893617021276595,36.671416450129584,241.0
