,min,mean,std,max
frequency,1.0,3.25,4.575556172282697,22.0
support,8.798944126704795e-05,0.0002859656841179058,0.0004026006310851471,0.001935767707875055
