,min,mean,std,max
support,0.0001861157640052,0.0090783133775875,0.018462734862680654,0.0550902661455425
frequency,1.0,48.77777777777778,99.20027441718315,296.0
