,min,mean,std,max
frequency,1.0,7.620253164556962,17.248785759916448,133.0
support,8.809020436927414e-05,0.000671269658611431,0.0015194490627128646,0.01171599718111346
