,min,mean,std,max
support,0.000154631204577,0.0009732669935145146,0.003084537415001108,0.0179372197309417
frequency,0.0,5.470588235294118,20.149795538653848,116.0
