,min,mean,std,max
support,0.0001158882836945,0.0005794414184725666,0.0010261186056868066,0.0026654305249739
frequency,1.0,5.0,8.854377448471462,23.0
