,min,mean,std,max
support,0.0001838573267144,0.0008142253040211718,0.0015118735389443292,0.0042287185144328
frequency,1.0,4.428571428571429,8.223080178318074,23.0
