,min,mean,std,max
frequency,1.0,4.222222222222222,7.870479302078397,25.0
support,8.809020436927414e-05,0.00037193641844804635,0.000693312130204228,0.0022022551092318533
