,min,mean,std,max
frequency,1.0,9.261538461538462,33.91684542887434,264.0
support,8.803591865481116e-05,0.0008167024453669406,0.002986112781317473,0.023241482524870148
