,min,mean,std,max
frequency,1.0,9.276923076923078,33.91925508298517,264.0
support,8.819119851838787e-05,0.0008181429647167367,0.0029913797586193815,0.023282476408854395
