,min,mean,std,max
frequency,1.0,7.594936708860759,17.24002423353477,133.0
support,8.803591865481116e-05,0.0006708559877240041,0.0015185127000542692,0.011708777181089884
