,min,mean,std,max
support,0.0001158882836945,0.0007339591300652532,0.002441222184145093,0.0134430409085641
frequency,1.0,6.333333333333333,21.06530622698806,116.0
