,support,itemsets,length,frequency
1325,0.0031114463511220064,"frozenset({'KFT', 'MELFI'})",2,33
500,0.0016971525551574581,"frozenset({'MELFI', 'MSG'})",2,18
1222,0.00047143126532151613,"frozenset({'MERLIN', 'MSG'})",2,5
1942,0.00047143126532151613,"frozenset({'LSG', 'Glovebox Freezer'})",2,5
1943,0.00047143126532151613,"frozenset({'MSG', 'Glovebox Freezer'})",2,5
857,0.00047143126532151613,"frozenset({'MELFI', 'CB'})",2,5
1686,0.00018857250612860644,"frozenset({'MELFI', 'PGB'})",2,2
1262,0.00018857250612860644,"frozenset({'MSG', 'GLACIER'})",2,2
861,9.428625306430322e-05,"frozenset({'MERLIN', 'CB'})",2,1
