,support,itemsets,length,frequency
284,0.0026654305249739253,"frozenset({'CIR', 'MWA'})",2,23
507,0.00034766485108355543,"frozenset({'LMM', 'MWA'})",2,3
577,0.00011588828369451848,"frozenset({'PFS', 'MWA'})",2,1
554,0.00011588828369451848,"frozenset({'MWA', 'MSG'})",2,1
406,0.00011588828369451848,"frozenset({'FIR', 'MWA'})",2,1
462,0.00011588828369451848,"frozenset({'HRF-2', 'MWA'})",2,1
