,min,mean,std,max
frequency,1.0,1.5,0.7071067811865476,2.0
support,8.819119851838787e-05,0.0001322867977775818,6.236059451332107e-05,0.00017638239703677574
