,min,mean,std,max
frequency,1.0,2.5,2.1213203435596424,4.0
support,8.798944126704795e-05,0.0002199736031676199,0.00018665379177823516,0.0003519577650681918
