,min,mean,std,max
frequency,1.0,2.5,2.1213203435596424,4.0
support,8.803591865481116e-05,0.0002200897966370279,0.00018675238520641276,0.00035214367461924466
