,min,mean,std,max
frequency,1.0,1.6666666666666667,1.1547005383792517,3.0
support,8.803591865481116e-05,0.00014672653109135193,0.00010165512266742245,0.0002641077559644335
