,min,mean,std,max
frequency,1.0,3.0,2.8284271247461903,7.0
support,8.809020436927414e-05,0.0002642706131078224,0.0002491567234624903,0.0006166314305849189
