,min,mean,std,max
frequency,4.0,16.4,23.308796622734516,58.0
support,0.0003527647940735515,0.0014639738954052386,0.0020949818743976525,0.005203280712584884
