,min,mean,std,max
frequency,1.0,4.666666666666667,5.046450898073483,14.0
support,8.809020436927414e-05,0.00041108762038994593,0.00044454289095080014,0.0012332628611698379
