,min,mean,std,max
frequency,1.0,15.307692307692308,43.00462109933578,158.0
support,8.809020436927414e-05,0.0013484577438065807,0.003788285861463687,0.013918252290345313
