,min,mean,std,max
frequency,1.0,2.9523809523809526,4.212792310050312,20.0
support,8.803591865481116e-05,0.00025991556936182347,0.00037087704111720326,0.0017607183730962233
