,min,mean,std,max
frequency,1.0,2.0,1.4142135623730951,3.0
support,8.803591865481116e-05,0.00017607183730962233,0.00012450159013760852,0.0002641077559644335
