,min,mean,std,max
support,0.0001158882836945,0.0013037431915632748,0.0018454398063827316,0.0040560899293081
frequency,1.0,11.25,15.924300089276556,35.0
