,min,mean,std,max
frequency,1.0,9.615384615384615,12.958513684951562,39.0
support,8.809020436927414e-05,0.000847021195858405,0.0011415181188294187,0.003435517970401691
