,min,mean,std,max
frequency,1.0,4.666666666666667,5.046450898073483,14.0
support,8.803591865481116e-05,0.0004108342870557855,0.0004442689407582959,0.0012325028611673563
