,min,mean,std,max
frequency,1.0,9.615384615384615,12.958513684951562,39.0
support,8.819119851838787e-05,0.0008479922934460371,0.0011428268528928091,0.0034394567422171268
