,min,mean,std,max
frequency,1.0,4.678571428571429,5.63753013577276,23.0
support,8.819119851838787e-05,0.0004126088216396003,0.0004971805393573296,0.002028397565922921
