,min,mean,std,max
frequency,1.0,4.444444444444445,3.5039660069381067,10.0
support,8.819119851838787e-05,0.00039196088230394606,0.0003090189617195614,0.0008819119851838787
