,min,mean,std,max
frequency,1.0,3.0,2.8284271247461903,7.0
support,8.803591865481116e-05,0.0002641077559644335,0.00024900318027521704,0.0006162514305836781
