,min,mean,std,max
frequency,1.0,3.0,2.8284271247461903,7.0
support,8.819119851838787e-05,0.0002645735955551636,0.00024944237805328426,0.0006173383896287151
