,min,mean,std,max
support,0.0001158882836945,0.0003669795650326167,0.00028778275632076577,0.0006953297021671
frequency,1.0,3.1666666666666665,2.48327740429189,6.0
