,min,mean,std,max
frequency,4.0,16.6,23.754999473794985,59.0
support,0.00035236081747709656,0.0014622973925299506,0.0020925827584385996,0.005197322057787174
