,min,mean,std,max
support,0.0001158882836945,0.0003476648510835,0.000231776567389,0.0005794414184725
frequency,1.0,3.0,2.0,5.0
