,min,mean,std,max
frequency,1.0,2.0,1.224744871391589,4.0
support,8.798944126704795e-05,0.0001759788825340959,0.00010776461692842842,0.0003519577650681918
