,min,mean,std,max
frequency,1.0,1.6666666666666667,1.1547005383792517,3.0
support,8.798944126704795e-05,0.00014664906877841327,0.00010160145520274982,0.0002639683238011439
