,min,mean,std,max
frequency,1.0,15.307692307692308,43.00462109933578,158.0
support,8.819119851838787e-05,0.0013500037311660908,0.0037926290765795726,0.013934209365905283
