,min,mean,std,max
frequency,1.0,2.9523809523809526,4.212792310050312,20.0
support,8.809020436927414e-05,0.00026007584147119027,0.0003711057355576386,0.0017618040873854828
