,min,mean,std,max
frequency,1.0,4.444444444444445,3.5039660069381067,10.0
support,8.798944126704795e-05,0.00039106418340910203,0.00030831201116921305,0.0008798944126704796
