,min,mean,std,max
frequency,1.0,2.4,2.1908902300206643,6.0
support,8.803591865481116e-05,0.0002112862047715468,0.00019287703407171975,0.000528215511928867
