,min,mean,std,max
support,0.0001158882836945,0.000231776567389,9.46223874061416e-05,0.0003476648510835
frequency,1.0,2.0,0.816496580927726,3.0
