,min,mean,std,max
frequency,1.0,3.0,2.70801280154532,7.0
support,8.798944126704795e-05,0.0002639683238011439,0.0002382765333519859,0.0006159260888693356
