,min,mean,std,max
frequency,1.0,4.444444444444445,3.5039660069381067,10.0
support,8.809020436927414e-05,0.0003915120194189962,0.0003086650816541672,0.0008809020436927414
