,min,mean,std,max
frequency,1.0,15.23076923076923,43.00998691419209,158.0
support,8.803591865481116e-05,0.0013476267547928786,0.0037859513248821,0.013909675147460164
