,min,mean,std,max
frequency,1.0,4.444444444444445,3.5039660069381067,10.0
support,8.803591865481116e-05,0.0003912707495769385,0.0003084748663560266,0.0008803591865481116
