,min,mean,std,max
frequency,1.0,4.666666666666667,5.046450898073483,14.0
support,8.798944126704795e-05,0.0004106173925795571,0.0004440343949030781,0.0012318521777386713
