,min,mean,std,max
frequency,3.0,24.333333333333332,34.38507428134093,64.0
support,0.0002642706131078224,0.002143528306319004,0.0030289882206959943,0.005637773079633545
