,min,mean,std,max
frequency,1.0,4.5,5.066228051190222,12.0
support,8.819119851838787e-05,0.00039686039333274535,0.0004467967238019421,0.0010582943822206544
