,min,mean,std,max
frequency,1.0,7.333333333333333,12.24744871391589,37.0
support,8.803591865481116e-05,0.0006455967368019485,0.001078215398707271,0.003257328990228013
