,min,mean,std,max
frequency,1.0,7.333333333333333,12.24744871391589,37.0
support,8.798944126704795e-05,0.0006452559026250184,0.001077646169284284,0.003255609326880774
