,min,mean,std,max
frequency,1.0,3.7,3.465704994818675,10.0
support,8.798944126704795e-05,0.0003255609326880774,0.00030494544609051255,0.0008798944126704796
