,min,mean,std,max
frequency,1.0,44.25,92.35761241732362,264.0
support,8.809020436927414e-05,0.00389799154334038,0.008135800952900249,0.023255813953488372
