,min,mean,std,max
frequency,1.0,5.75,5.737304826019502,14.0
support,8.809020436927414e-05,0.0005065186751233262,0.0005054003546528807,0.0012332628611698379
