,min,mean,std,max
frequency,1.0,1.8,0.8366600265340756,3.0
support,8.798944126704795e-05,0.00015838099428068633,7.361724826520684e-05,0.0002639683238011439
