,min,mean,std,max
frequency,1.0,1.8,0.8366600265340756,3.0
support,8.809020436927414e-05,0.00015856236786469346,7.370155272498903e-05,0.0002642706131078224
