,min,mean,std,max
frequency,1.0,5.75,5.737304826019502,14.0
support,8.798944126704795e-05,0.0005059392872855257,0.0005048222460201937,0.0012318521777386713
