,min,mean,std,max
frequency,1.0,7.333333333333333,12.24744871391589,37.0
support,8.809020436927414e-05,0.0006459948320413437,0.0010788802602110545,0.0032593375616631432
