,min,mean,std,max
frequency,1.0,1.8,0.8366600265340756,3.0
support,8.803591865481116e-05,0.00015846465357866008,7.365613403768602e-05,0.0002641077559644335
