,min,mean,std,max
frequency,4.0,16.4,23.308796622734516,58.0
support,0.0003519577650681918,0.001460624725032996,0.0020901891309982384,0.005191377034755829
