,min,mean,std,max
frequency,1.0,3.7,3.465704994818675,10.0
support,8.803591865481116e-05,0.00032573289902280126,0.0003051065230054296,0.0008803591865481116
