,min,mean,std,max
frequency,2.0,2.5,0.7071067811865476,3.0
support,0.0001759788825340959,0.0002199736031676199,6.221793059274507e-05,0.0002639683238011439
