,min,mean,std,max
frequency,3.0,24.333333333333332,34.38507428134093,64.0
support,0.0002639683238011439,0.0021410764041648335,0.0030255234739411285,0.005631324241091069
