,min,mean,std,max
frequency,3.0,24.333333333333332,34.38507428134093,64.0
support,0.0002641077559644335,0.0021422073539337384,0.0030271216023717695,0.0056342987939079145
