,min,mean,std,max
frequency,1.0,4.5,5.066228051190222,12.0
support,8.809020436927414e-05,0.0003964059196617336,0.0004462850644106961,0.0010570824524312897
