,min,mean,std,max
frequency,1.0,4.5,5.066228051190222,12.0
support,8.803591865481116e-05,0.0003961616339466502,0.0004460100406013048,0.001056431023857734
