,min,mean,std,max
frequency,4.0,16.6,23.754999473794985,59.0
support,0.00035214367461924466,0.0014613962496698653,0.0020912932013200975,0.005194119200633859
