,min,mean,std,max
frequency,1.0,1.625,1.407885953173359,5.0
support,8.798944126704795e-05,0.00014298284205895294,0.0001238790983874491,0.0004399472063352398
