,min,mean,std,max
frequency,1.0,3.7,3.465704994818675,10.0
support,8.809020436927414e-05,0.0003259337561663143,0.00030529466127719127,0.0008809020436927414
