,min,mean,std,max
frequency,1.0,5.5,7.724420150837645,17.0
support,8.809020436927414e-05,0.00048449612403100775,0.0006804457497214275,0.0014975334742776602
