,min,mean,std,max
frequency,1.0,5.833333333333333,15.818719419029186,79.0
support,8.798944126704795e-05,0.0005132717407244463,0.0013918802832405793,0.0069511658600967885
