,min,mean,std,max
support,0.0001158882836945,0.0025347479922970886,0.005976843595883186,0.0343029319735774
frequency,1.0,21.872340425531913,51.57418338887603,296.0
