,min,mean,std,max
frequency,1.0,5.916666666666667,12.669431429769183,63.0
support,8.819119851838787e-05,0.0005217979245671282,0.0011173323423378768,0.005556045506658436
