,min,mean,std,max
support,0.0001158882836945,0.0001593463900799375,8.622364226940853e-05,0.0003476648510835
frequency,1.0,1.375,0.7440238091428449,3.0
