,min,mean,std,max
support,0.0001158882836945,0.00042492370687985555,0.0003843579546129584,0.0010429945532506
frequency,1.0,3.6666666666666665,3.3166247903554003,9.0
