,min,mean,std,max
frequency,1.0,2.75,4.216196839507577,20.0
support,8.809020436927414e-05,0.00024224806201550382,0.0003714056412533102,0.0017618040873854828
