,min,mean,std,max
frequency,1.0,5.833333333333333,15.818719419029186,79.0
support,8.809020436927414e-05,0.0005138595254874324,0.0013934742264824862,0.006959126145172656
