,min,mean,std,max
frequency,1.0,1.625,1.407885953173359,5.0
support,8.803591865481116e-05,0.00014305836781406815,0.0001239445332488211,0.0004401795932740558
