,min,mean,std,max
frequency,1.0,1.125,0.3535533905932738,2.0
support,8.809020436927414e-05,9.910147991543341e-05,3.114459043281129e-05,0.00017618040873854828
