,min,mean,std,max
frequency,1.0,5.5,7.724420150837645,17.0
support,8.803591865481116e-05,0.00048419755260146146,0.000680026424054727,0.0014966106171317897
