,min,mean,std,max
frequency,1.0,1.4,0.8944271909999161,3.0
support,8.809020436927414e-05,0.00012332628611698377,7.879027404861838e-05,0.0002642706131078224
