,min,mean,std,max
frequency,1.0,1.125,0.3535533905932738,2.0
support,8.819119851838787e-05,9.921509833318635e-05,3.118029725666053e-05,0.00017638239703677574
