,min,mean,std,max
frequency,1.0,1.5384615384615385,1.1266014242982163,5.0
support,8.798944126704795e-05,0.0001353683711800738,9.912902985466046e-05,0.0004399472063352398
