,min,mean,std,max
frequency,1.0,3.7,3.465704994818675,10.0
support,8.819119851838787e-05,0.00032630743451803507,0.00030564467720422216,0.0008819119851838787
