,min,mean,std,max
frequency,1.0,5.916666666666667,12.669431429769183,63.0
support,8.809020436927414e-05,0.0005212003758515387,0.0011160528038908725,0.005549682875264271
