,min,mean,std,max
frequency,1.0,22.307692307692307,49.62670748854739,313.0
support,8.803591865481116e-05,0.001965232584125092,0.004368716150082595,0.027555242538955894
