,min,mean,std,max
frequency,1.0,1.4,0.8944271909999161,3.0
support,8.798944126704795e-05,0.00012318521777386716,7.870014879013779e-05,0.0002639683238011439
