,min,mean,std,max
frequency,1.0,1.5,0.7071067811865476,2.0
support,8.809020436927414e-05,0.0001321353065539112,6.228918086562258e-05,0.00017618040873854828
