,min,mean,std,max
frequency,1.0,1.4,0.8944271909999161,3.0
support,8.819119851838787e-05,0.000123467677925743,7.88806059617176e-05,0.0002645735955551636
