,min,mean,std,max
support,0.0001158882836945,0.0014659867887356199,0.003540367351129946,0.0149495885965928
frequency,1.0,12.65,30.549829872900403,129.0
