,min,mean,std,max
frequency,1.0,22.323076923076922,49.62424674878819,313.0
support,8.798944126704795e-05,0.0019641950658228708,0.004366409744723994,0.02754069511658601
