,min,mean,std,max
frequency,1.0,2.75,4.216196839507577,20.0
support,8.819119851838787e-05,0.00024252579592556664,0.0003718314524656122,0.0017638239703677574
