,min,mean,std,max
frequency,1.0,1.5,1.1677484162422844,5.0
support,8.819119851838787e-05,0.00013228679777758183,0.00010298513239635632,0.00044095599259193934
