,min,mean,std,max
support,0.0001158882836945,0.0005628859493733429,0.0009511501311146271,0.003360760227141
frequency,1.0,4.857142857142857,8.20747448138813,29.0
