,min,mean,std,max
frequency,1.0,1.4,0.8944271909999161,3.0
support,8.803591865481116e-05,0.00012325028611673562,7.874171942951983e-05,0.0002641077559644335
