,min,mean,std,max
frequency,1.0,1.625,1.407885953173359,5.0
support,8.809020436927414e-05,0.00014314658210007048,0.0001240209613436715,0.0004404510218463707
