,min,mean,std,max
frequency,1.0,6.0,16.152680610632125,79.0
support,8.819119851838787e-05,0.000529147191110327,0.001424524262336372,0.0069671046829526415
