,min,mean,std,max
frequency,1.0,1.5384615384615385,1.1266014242982163,5.0
support,8.809020436927414e-05,0.00013552339133734485,9.924254970914517e-05,0.0004404510218463707
