,min,mean,std,max
frequency,1.0,22.323076923076922,49.62424674878819,313.0
support,8.809020436927414e-05,0.0019664444083048733,0.004371410037772039,0.027572233967582804
