,min,mean,std,max
support,0.0001158882836945,0.00018027066352477777,0.00015451771159266667,0.0005794414184725
frequency,1.0,1.5555555555555556,1.3333333333333335,5.0
