,min,mean,std,max
support,0.0001158882836945,0.00011588828369450002,1.4638402384435475e-20,0.0001158882836945
frequency,1.0,1.0,0.0,1.0
