,min,mean,std,max
support,0.0001158882836945,0.001037200139065905,0.002363509474997996,0.0083439564260053
frequency,1.0,8.95,20.39472325975779,72.0
