,min,mean,std,max
frequency,1.0,2.9523809523809526,4.212792310050312,20.0
support,8.798944126704795e-05,0.00025977835040747496,0.0003706812415354433,0.0017597888253409592
