,min,mean,std,max
frequency,1.0,1.5,1.1677484162422844,5.0
support,8.809020436927414e-05,0.0001321353065539112,0.00010286719663867903,0.0004404510218463707
