,min,mean,std,max
frequency,1.0,2.5,2.1213203435596424,4.0
support,8.819119851838787e-05,0.00022047799629596967,0.0001870817835399632,0.0003527647940735515
