,min,mean,std,max
frequency,1.0,5.5,7.724420150837645,17.0
support,8.798944126704795e-05,0.0004839419269687638,0.0006796674131841307,0.0014958205015398152
