,min,mean,std,max
frequency,1.0,2.5,2.1213203435596424,4.0
support,8.809020436927414e-05,0.00022022551092318535,0.00018686754259686773,0.00035236081747709656
