,min,mean,std,max
frequency,1.0,22.307692307692307,49.61537157125648,313.0
support,8.819119851838787e-05,0.0019686989084643195,0.004376421796347843,0.0276038451362554
