,min,mean,std,max
frequency,3.0,3.0,0.0,3.0
support,0.0002645735955551636,0.0002645735955551636,0.0,0.0002645735955551636
