,min,mean,std,max
frequency,1.0,2.0,1.4142135623730951,3.0
support,8.819119851838787e-05,0.00017638239703677574,0.00012472118902664213,0.0002645735955551636
