,min,mean,std,max
frequency,1.0,1.625,1.407885953173359,5.0
support,8.819119851838787e-05,0.0001433106975923803,0.0001241631495875614,0.00044095599259193934
