,min,mean,std,max
frequency,1.0,4.5,4.949747468305833,8.0
support,8.819119851838787e-05,0.0003968603933327454,0.00043652416159324745,0.000705529588147103
