,min,mean,std,max
frequency,3.0,3.0,0.0,3.0
support,0.0002639683238011439,0.0002639683238011439,0.0,0.0002639683238011439
