,min,mean,std,max
frequency,1.0,2.0,1.4142135623730951,3.0
support,8.798944126704795e-05,0.0001759788825340959,0.00012443586118549013,0.0002639683238011439
