,min,mean,std,max
frequency,1.0,4.5,4.949747468305833,8.0
support,8.798944126704795e-05,0.0003959524857017158,0.00043552551414921536,0.0007039155301363836
