,min,mean,std,max
frequency,1.0,4.5,4.949747468305833,8.0
support,8.809020436927414e-05,0.00039640591966173366,0.00043602426605935806,0.0007047216349541931
