,min,mean,std,max
frequency,1.0,1.4,0.5477225575051661,2.0
support,8.819119851838787e-05,0.000123467677925743,4.830430880193722e-05,0.00017638239703677574
