,min,mean,std,max
frequency,1.0,3.0,2.6457513110645907,6.0
support,8.819119851838787e-05,0.0002645735955551636,0.0002333319791043823,0.0005291471911103272
