,min,mean,std,max
frequency,1.0,5.25,4.425306015783918,10.0
support,8.803591865481116e-05,0.00046218857293775864,0.0003895858804281995,0.0008803591865481116
