,min,mean,std,max
frequency,1.0,3.0,2.6457513110645907,6.0
support,8.809020436927414e-05,0.0002642706131078224,0.00023306477370195477,0.0005285412262156448
