,min,mean,std,max
frequency,1.0,1.4,0.5477225575051661,2.0
support,8.809020436927414e-05,0.00012332628611698377,4.824899202829159e-05,0.00017618040873854828
