,min,mean,std,max
frequency,1.0,5.25,4.425306015783918,10.0
support,8.798944126704795e-05,0.0004619445666520018,0.00038938020376453307,0.0008798944126704796
