,min,mean,std,max
frequency,1.0,1.0,0.0,1.0
support,8.819119851838787e-05,8.819119851838787e-05,0.0,8.819119851838787e-05
