,min,mean,std,max
frequency,1.0,5.5,7.724420150837645,17.0
support,8.819119851838787e-05,0.00048505159185113333,0.0006812258709619582,0.0014992503748125937
