,min,mean,std,max
frequency,1.0,5.0,5.656854249492381,9.0
support,8.809020436927414e-05,0.00044045102184637065,0.0004983134469249807,0.0007928118393234672
