,min,mean,std,max
frequency,1.0,5.0,5.656854249492381,9.0
support,8.803591865481116e-05,0.0004401795932740558,0.0004980063605504341,0.0007923232678933005
