,min,mean,std,max
frequency,1.0,5.0,5.656854249492381,9.0
support,8.819119851838787e-05,0.00044095599259193934,0.0004988847561065685,0.0007937207866654908
