,min,mean,std,max
frequency,1.0,5.25,4.425306015783918,10.0
support,8.819119851838787e-05,0.00046300379222153634,0.0003902730413426156,0.0008819119851838787
