,min,mean,std,max
frequency,1.0,1.8,0.8366600265340756,3.0
support,8.819119851838787e-05,0.00015874415733309815,7.378605049246633e-05,0.0002645735955551636
