,min,mean,std,max
support,0.0001158882836945,0.00066635763124345,0.0011009386950979001,0.0023177656738903
frequency,1.0,5.75,9.5,20.0
