,min,mean,std,max
frequency,1.0,9.666666666666666,10.969655114602888,22.0
support,8.798944126704795e-05,0.0008505645989147968,0.0009652138244261232,0.001935767707875055
