,min,mean,std,max
frequency,1.0,2.0,1.0,3.0
support,8.809020436927414e-05,0.00017618040873854828,8.809020436927414e-05,0.0002642706131078224
