,min,mean,std,max
support,0.0001158882836945,0.0004442384208289499,0.00043618765367313265,0.0012747711206397
frequency,1.0,3.8333333333333335,3.7638632635454052,11.0
