,min,mean,std,max
frequency,1.0,6.25,10.5,22.0
support,8.809020436927414e-05,0.0005725863284002817,0.0009689922480620155,0.002026074700493305
