,min,mean,std,max
frequency,1.0,4.0,4.358898943540674,9.0
support,8.809020436927414e-05,0.00035236081747709656,0.00038397629876151104,0.0007928118393234672
