,min,mean,std,max
frequency,1.0,4.666666666666667,5.046450898073483,14.0
support,8.819119851838787e-05,0.00041155892641914346,0.0004450525529652953,0.0012346767792574302
