,min,mean,std,max
frequency,1.0,4.75,7.851296526234195,24.0
support,8.809020436927414e-05,0.00041842847075405215,0.0006916223155597424,0.0021141649048625794
