,min,mean,std,max
support,0.0001158882836945,0.002240506818093967,0.0024151889415290183,0.0048673079151697
frequency,1.0,19.333333333333332,20.840665376454115,42.0
