,min,mean,std,max
frequency,1.0,6.5,11.0,23.0
support,8.819119851838787e-05,0.0005732427903695212,0.0009701031837022666,0.002028397565922921
