,min,mean,std,max
frequency,1.0,3.8,4.764451699828639,12.0
support,8.819119851838787e-05,0.00033512655436987394,0.0004201827056908579,0.0010582943822206544
