,min,mean,std,max
support,0.0001158882836945,0.0005214972766253,0.000916700706912375,0.0027813188086684
frequency,1.0,4.5,7.91021039994693,24.0
