,min,mean,std,max
frequency,1.0,41.75,61.28281433920389,133.0
support,8.809020436927414e-05,0.003677766032417195,0.005398415639464754,0.01171599718111346
