,min,mean,std,max
frequency,1.0,6.5,11.0,23.0
support,8.798944126704795e-05,0.0005719313682358115,0.0009678838539375274,0.002023757149142103
