,min,mean,std,max
frequency,1.0,21.0,21.656407827707714,44.0
support,8.809020436927414e-05,0.0018498942917547568,0.0019077173914471208,0.003875968992248062
