,min,mean,std,max
frequency,1.0,4.0,4.358898943540674,9.0
support,8.803591865481116e-05,0.00035214367461924466,0.0003837396728180891,0.0007923232678933005
