,min,mean,std,max
frequency,1.0,3.8,4.764451699828639,12.0
support,8.803591865481116e-05,0.00033453649088828247,0.0004194428822808908,0.001056431023857734
