,min,mean,std,max
support,0.0001158882836945,0.000231776567389,0.00011588828369449999,0.0003476648510835
frequency,1.0,2.0,1.0,3.0
