,min,mean,std,max
frequency,1.0,6.5,11.0,23.0
support,8.803591865481116e-05,0.0005722334712562726,0.0009683951052029229,0.0020248261290606567
