,min,mean,std,max
support,0.0001158882836945,0.00042492370687986666,0.0004387459609688345,0.0009271062695561
frequency,1.0,3.6666666666666665,3.785938897200183,8.0
