,min,mean,std,max
frequency,1.0,9.666666666666666,10.969655114602888,22.0
support,8.819119851838787e-05,0.0008525149190110828,0.0009674270318901924,0.001940206367404533
