,min,mean,std,max
frequency,1.0,4.0,4.358898943540674,9.0
support,8.819119851838787e-05,0.0003527647940735515,0.0003844165220513867,0.0007937207866654908
