,min,mean,std,max
frequency,1.0,4.75,7.851296526234195,24.0
support,8.798944126704795e-05,0.0004179498460184778,0.0006908311945652615,0.002111746590409151
