,min,mean,std,max
frequency,1.0,3.8,4.764451699828639,12.0
support,8.809020436927414e-05,0.00033474277660324174,0.0004197015239454403,0.0010570824524312897
