,min,mean,std,max
frequency,1.0,3.8,4.764451699828639,12.0
support,8.798944126704795e-05,0.00033435987681478224,0.0004192214430117588,0.0010558732952045756
