,min,mean,std,max
frequency,1.0,4.75,7.851296526234195,24.0
support,8.803591865481116e-05,0.00041817061361035306,0.0006911961023183551,0.002112862047715468
