,min,mean,std,max
frequency,1.0,9.666666666666666,10.969655114602888,22.0
support,8.803591865481116e-05,0.0008510138803298413,0.0009657236653405133,0.0019367902104058456
