,min,mean,std,max
frequency,1.0,9.666666666666666,10.969655114602888,22.0
support,8.809020436927414e-05,0.0008515386422363165,0.0009663191609058219,0.001937984496124031
