,min,mean,std,max
support,0.0001158882836945,0.000405608992930775,0.00038435795461296343,0.0009271062695561
frequency,1.0,3.5,3.3166247903554,8.0
