,min,mean,std,max
frequency,1.0,41.75,61.28281433920389,133.0
support,8.819119851838787e-05,0.003681982538142693,0.005404604845154236,0.011729429402945586
