,min,mean,std,max
frequency,1.0,4.0,4.358898943540674,9.0
support,8.798944126704795e-05,0.00035195776506819187,0.00038353708258166946,0.0007919049714034316
