,min,mean,std,max
frequency,1.0,10.0,12.727922061357855,19.0
support,8.803591865481116e-05,0.0008803591865481116,0.0011205143112384766,0.001672682454441412
