,min,mean,std,max
support,0.0001158882836945,0.0006953297021670999,0.0008194539126046549,0.0012747711206397
frequency,1.0,6.0,7.0710678118654755,11.0
