,min,mean,std,max
support,0.0001158882836945,0.00015451771159266667,6.69081317869433e-05,0.000231776567389
frequency,1.0,1.3333333333333333,0.5773502691896257,2.0
