,min,mean,std,max
frequency,1.0,1.125,0.3535533905932738,2.0
support,8.803591865481116e-05,9.904040848666256e-05,3.112539753440212e-05,0.00017607183730962233
