,min,mean,std,max
support,0.0001158882836945,0.00023177656738899999,0.00016389078252090268,0.0003476648510835
frequency,1.0,2.0,1.4142135623730951,3.0
