,min,mean,std,max
frequency,1.0,4.4,4.774934554525329,11.0
support,8.803591865481116e-05,0.00038735804208116914,0.00042036575002423886,0.0009683951052029228
