,min,mean,std,max
frequency,1.0,4.4,4.774934554525329,11.0
support,8.819119851838787e-05,0.00038804127348090664,0.0004211072012104532,0.0009701031837022666
