,min,mean,std,max
frequency,1.0,2.25,1.8929694486000912,5.0
support,8.809020436927414e-05,0.00019820295983086683,0.00016675206559197423,0.0004404510218463707
