,min,mean,std,max
frequency,1.0,1.125,0.3535533905932738,2.0
support,8.798944126704795e-05,9.898812142542895e-05,3.1108965296372526e-05,0.0001759788825340959
