,min,mean,std,max
support,0.0001158882836945,0.00028972070923625,0.0002458361737813541,0.000463553134778
frequency,1.0,2.5,2.1213203435596424,4.0
