,min,mean,std,max
frequency,1.0,1.3333333333333333,0.5773502691896257,2.0
support,8.798944126704795e-05,0.0001173192550227306,5.0800727601374904e-05,0.0001759788825340959
