,min,mean,std,max
frequency,1.0,2.25,1.8929694486000912,5.0
support,8.803591865481116e-05,0.00019808081697332512,0.00016664930439300036,0.0004401795932740558
