,min,mean,std,max
frequency,1.0,8.571428571428571,14.84202527574031,41.0
support,8.798944126704795e-05,0.000754195210860411,0.0013059415112837932,0.003607567091948966
