,min,mean,std,max
support,0.0001158882836945,0.0003331788156217,0.00024338510385226738,0.0008112179858616
frequency,1.0,2.875,2.100170061141308,7.0
