,min,mean,std,max
frequency,1.0,5.875,12.646747304793607,63.0
support,8.803591865481116e-05,0.0005208791853742994,0.0011153650347538676,0.005546262875253103
