,min,mean,std,max
support,0.0001158882836945,0.0014084883710564233,0.002088051624660744,0.0071850735890601
frequency,1.0,12.153846153846153,18.017797469197664,62.0
