,min,mean,std,max
frequency,1.0,5.875,12.646747304793607,63.0
support,8.798944126704795e-05,0.0005206041941633672,0.0011147761926765668,0.005543334799824021
