,min,mean,std,max
frequency,1.0,2.909090909090909,2.0225995873897262,8.0
support,8.809020436927414e-05,0.0002562624127106156,0.00017817121101037053,0.0007047216349541931
