,min,mean,std,max
support,0.0001158882836945,0.00019314713949083334,0.00013381626357388657,0.0003476648510835
frequency,1.0,1.6666666666666667,1.1547005383792517,3.0
