,min,mean,std,max
frequency,1.0,2.909090909090909,2.0225995873897262,8.0
support,8.798944126704795e-05,0.00025596928368595763,0.00017796740760138373,0.0007039155301363836
