,min,mean,std,max
frequency,1.0,15.23076923076923,43.00998691419209,158.0
support,8.798944126704795e-05,0.0013469152932417338,0.0037839525824316564,0.013902331720193577
