,min,mean,std,max
frequency,1.0,11.25,17.570809125744134,62.0
support,8.798944126704795e-05,0.0009898812142542896,0.001546045677584174,0.0054553453585569735
