,min,mean,std,max
frequency,1.0,2.909090909090909,2.0225995873897262,8.0
support,8.819119851838787e-05,0.0002565562138716738,0.00017837548173469674,0.000705529588147103
