,min,mean,std,max
frequency,1.0,4.75,7.851296526234195,24.0
support,8.819119851838787e-05,0.0004189081929623424,0.000692415250571849,0.002116588764441309
