,min,mean,std,max
support,0.0001158882836945,0.00046355313477805,0.0006204804884385609,0.0013906594043342
frequency,1.0,4.0,5.354126134736337,12.0
