,min,mean,std,max
frequency,1.0,7.375,10.013383900702955,24.0
support,8.798944126704795e-05,0.0006489221293444787,0.0008810720546153062,0.002111746590409151
