,min,mean,std,max
frequency,1.0,3.5,4.230839160261236,12.0
support,8.798944126704795e-05,0.0003226279513125092,0.00040767386077475415,0.0011438627364716233
