,min,mean,std,max
frequency,2.0,2.3333333333333335,0.5773502691896258,3.0
support,0.00017607183730962233,0.00020541714352789272,5.082756133371122e-05,0.0002641077559644335
