,min,mean,std,max
frequency,1.0,3.5,4.230839160261236,12.0
support,8.803591865481116e-05,0.0003227983684009743,0.0004078892004318233,0.001144466942512545
