,min,mean,std,max
frequency,1.0,2.909090909090909,2.0225995873897262,8.0
support,8.803591865481116e-05,0.00025610449063217795,0.00017806141274669658,0.0007042873492384893
