,min,mean,std,max
support,0.0001158882836945,0.00023177656738900004,0.00016389078252090274,0.000463553134778
frequency,1.0,2.0,1.4142135623730951,4.0
