,min,mean,std,max
frequency,2.0,2.5,0.7071067811865476,3.0
support,0.00017618040873854828,0.00022022551092318535,6.228918086562258e-05,0.0002642706131078224
