,min,mean,std,max
frequency,1.0,4.5,4.949747468305833,8.0
support,8.803591865481116e-05,0.00039616163394665024,0.00043575556548162975,0.0007042873492384893
