,min,mean,std,max
frequency,1.0,8.571428571428571,14.84202527574031,41.0
support,8.803591865481116e-05,0.00075459358846981,0.0013066313298477255,0.003609472664847258
