,min,mean,std,max
support,0.0001158882836945,0.00040560899293080004,0.0004097269563023275,0.0006953297021671
frequency,1.0,3.5,3.5355339059327378,6.0
