,min,mean,std,max
frequency,1.0,5.75,5.737304826019502,14.0
support,8.803591865481116e-05,0.0005062065322651642,0.0005050889009613084,0.0012325028611673563
