,min,mean,std,max
frequency,1.0,11.25,17.570809125744134,62.0
support,8.819119851838787e-05,0.0009921509833318634,0.0015495907157372021,0.005467854308140048
