,min,mean,std,max
frequency,1.0,14.266666666666667,39.965103825831896,158.0
support,8.798944126704795e-05,0.0012611819914943535,0.0035162240742646596,0.013902331720193577
