,min,mean,std,max
support,0.0001158882836945,0.0006180708463707333,0.0006790433743287012,0.0013906594043342
frequency,1.0,5.333333333333333,5.8594652770823155,12.0
