,min,mean,std,max
frequency,1.0,8.571428571428571,14.84202527574031,41.0
support,8.809020436927414e-05,0.0007550588945937781,0.0013074370397938963,0.0036116983791402396
