,min,mean,std,max
frequency,1.0,3.6666666666666665,4.633213427705082,13.0
support,8.819119851838787e-05,0.00032336772790075554,0.00040860864518079906,0.0011464855807390422
