,min,mean,std,max
frequency,2.0,3.6666666666666665,2.081665999466133,6.0
support,0.0001759788825340959,0.0003226279513125092,0.00018316462819763598,0.0005279366476022878
