,min,mean,std,max
frequency,1.0,8.571428571428571,14.84202527574031,41.0
support,8.819119851838787e-05,0.0007559245587290389,0.0013089359975077442,0.0036158391392539023
