,min,mean,std,max
support,0.0001158882836945,0.0008691621277088583,0.0018098956022284556,0.006489743886893
frequency,1.0,7.5,15.617589151629355,56.0
