,min,mean,std,max
frequency,2.0,2.3333333333333335,0.5773502691896258,3.0
support,0.00017638239703677574,0.0002057794632095717,5.091721220474696e-05,0.0002645735955551636
