,min,mean,std,max
frequency,1.0,5.666666666666667,8.082903768654761,15.0
support,8.798944126704795e-05,0.0004986068338466051,0.0007112101864192485,0.0013198416190057193
