,min,mean,std,max
frequency,4.0,11.0,9.899494936611665,18.0
support,0.0003519577650681918,0.0009678838539375276,0.0008710510282984308,0.0015838099428068632
