,min,mean,std,max
frequency,1.0,2.8333333333333335,1.9462473604038075,8.0
support,8.798944126704795e-05,0.0002493034169233025,0.00017124921780939793,0.0007039155301363836
