,min,mean,std,max
frequency,1.0,5.75,5.737304826019502,14.0
support,8.819119851838787e-05,0.0005070993914807302,0.0005059797888719907,0.0012346767792574302
