,min,mean,std,max
support,0.0001158882836945,0.0006760149882179999,0.0008208185328881605,0.0020859891065013
frequency,1.0,5.833333333333333,7.082843120291926,18.0
