,min,mean,std,max
frequency,1.0,1.5384615384615385,1.1266014242982163,5.0
support,8.803591865481116e-05,0.00013543987485355568,9.918139134591216e-05,0.0004401795932740558
