,min,mean,std,max
frequency,1.0,5.5,5.802298395176403,14.0
support,8.809020436927414e-05,0.00048449612403100775,0.0005111256514426007,0.0012332628611698379
