,min,mean,std,max
frequency,1.0,4.4,4.774934554525329,11.0
support,8.809020436927414e-05,0.00038759689922480625,0.00042062496075804515,0.0009689922480620155
