,min,mean,std,max
frequency,1.0,10.666666666666666,12.970662868107212,44.0
support,8.803591865481116e-05,0.0009390497989846523,0.0011418842211556662,0.003873580420811691
