,min,mean,std,max
support,0.0001158882836945,0.0009560783404797251,0.0011299638271766359,0.003360760227141
frequency,1.0,8.25,9.750457864707101,29.0
