,min,mean,std,max
support,0.0001158882836945,0.0003862942789817,0.0002916457849604403,0.0006953297021671
frequency,1.0,3.3333333333333335,2.5166114784235836,6.0
