,min,mean,std,max
frequency,1.0,5.333333333333333,5.8594652770823155,12.0
support,8.803591865481116e-05,0.0004988702057105967,0.000565991769286789,0.001144466942512545
