,min,mean,std,max
frequency,1.0,5.5,5.802298395176403,14.0
support,8.798944126704795e-05,0.0004839419269687638,0.0005105409938562607,0.0012318521777386713
