,min,mean,std,max
frequency,1.0,1.25,0.5,2.0
support,8.798944126704795e-05,0.00010998680158380995,4.3994720633523984e-05,0.0001759788825340959
