,min,mean,std,max
frequency,1.0,2.0,1.0,3.0
support,8.798944126704795e-05,0.00017597888253409593,8.798944126704797e-05,0.0002639683238011439
