,min,mean,std,max
frequency,1.0,1.6666666666666667,1.1547005383792517,3.0
support,8.819119851838787e-05,0.00014698533086397977,0.00010183442440949392,0.0002645735955551636
