,min,mean,std,max
frequency,1.0,4.0,4.242640687119285,7.0
support,8.819119851838787e-05,0.0003527647940735515,0.0003741635670799264,0.0006173383896287151
