,min,mean,std,max
support,0.0001158882836945,0.0005408119905743667,0.0005476666619831198,0.0011588828369451
frequency,1.0,4.666666666666667,4.725815626252609,10.0
