,min,mean,std,max
frequency,1.0,5.666666666666667,6.429100507328637,13.0
support,8.819119851838787e-05,0.0004997501249375313,0.0005669900791364879,0.0011464855807390422
