,min,mean,std,max
frequency,1.0,1.25,0.5,2.0
support,8.819119851838787e-05,0.00011023899814798484,4.4095599259193934e-05,0.00017638239703677574
