,min,mean,std,max
frequency,1.0,5.333333333333333,5.8594652770823155,12.0
support,8.798944126704795e-05,0.0004986068338466051,0.0005656929614895412,0.0011438627364716233
