,min,mean,std,max
frequency,1.0,4.0,4.242640687119285,7.0
support,8.809020436927414e-05,0.00035236081747709656,0.00037373508519373546,0.0006166314305849189
