,min,mean,std,max
frequency,1.0,10.666666666666666,12.970662868107212,44.0
support,8.798944126704795e-05,0.0009385540401818448,0.0011412813786279992,0.00387153541575011
