,min,mean,std,max
support,0.0003476648510835,0.00057944141847255,0.0003277815650418761,0.0008112179858616
frequency,3.0,5.0,2.8284271247461903,7.0
