,min,mean,std,max
frequency,1.0,4.4,4.774934554525329,11.0
support,8.798944126704795e-05,0.00038715354157501096,0.00042014382353940414,0.0009678838539375275
