,min,mean,std,max
frequency,1.0,3.6666666666666665,4.633213427705082,13.0
support,8.809020436927414e-05,0.0003229974160206719,0.00040814071773300577,0.0011451726568005639
