,min,mean,std,max
frequency,1.0,9.615384615384615,12.958513684951562,39.0
support,8.798944126704795e-05,0.000846052319875461,0.0011402123787902826,0.00343158820941487
