,min,mean,std,max
frequency,1.0,7.333333333333333,12.24744871391589,37.0
support,8.819119851838787e-05,0.000646735455801511,0.0010801171808727304,0.003263074345180351
