,min,mean,std,max
frequency,1.0,9.615384615384615,12.958513684951562,39.0
support,8.803591865481116e-05,0.0008464992178347225,0.001140814656655653,0.0034334008275376353
