,min,mean,std,max
frequency,1.0,21.0,21.656407827707714,44.0
support,8.819119851838787e-05,0.0018520151688861451,0.00190990456192854,0.003880412734809066
