,min,mean,std,max
frequency,1.0,4.5,5.066228051190222,12.0
support,8.798944126704795e-05,0.00039595248570171586,0.00044577457555567286,0.0010558732952045756
