,min,mean,std,max
frequency,1.0,22.5,30.405591591021544,44.0
support,8.798944126704795e-05,0.001979762428508579,0.0026753710154880372,0.00387153541575011
