,min,mean,std,max
frequency,1.0,21.0,21.656407827707714,44.0
support,8.798944126704795e-05,0.001847778266608007,0.0019055352246113255,0.00387153541575011
