,min,mean,std,max
frequency,1.0,21.0,21.656407827707714,44.0
support,8.803591865481116e-05,0.0018487542917510343,0.001906541757875492,0.003873580420811691
