,min,mean,std,max
frequency,1.0,1.6666666666666667,1.1547005383792517,3.0
support,8.809020436927414e-05,0.00014681700728212357,0.00010171780641113913,0.0002642706131078224
