,min,mean,std,max
frequency,2.0,6.125,4.54933276112317,15.0
support,0.00017638239703677574,0.0005401710909251257,0.00040121110866241913,0.001322867977775818
