,min,mean,std,max
frequency,1.0,5.5,5.802298395176403,14.0
support,8.803591865481116e-05,0.00048419755260146146,0.0005108106695286913,0.0012325028611673563
