,min,mean,std,max
frequency,1.0,2.2,1.6431676725154984,4.0
support,8.803591865481116e-05,0.00019367902104058457,0.0001446577755537898,0.00035214367461924466
