,min,mean,std,max
frequency,1.0,2.2,1.6431676725154984,4.0
support,8.819119851838787e-05,0.00019402063674045332,0.00014491292640581165,0.0003527647940735515
