,min,mean,std,max
frequency,1.0,5.5,5.802298395176403,14.0
support,8.819119851838787e-05,0.00048505159185113333,0.0005117116496319256,0.0012346767792574302
