,min,mean,std,max
frequency,1.0,2.2,1.6431676725154984,4.0
support,8.809020436927414e-05,0.00019379844961240315,0.00014474697608487475,0.00035236081747709656
