,min,mean,std,max
frequency,1.0,2.0,1.224744871391589,4.0
support,8.809020436927414e-05,0.0001761804087385483,0.00010788802602110544,0.00035236081747709656
