,min,mean,std,max
frequency,1.0,2.0,1.224744871391589,4.0
support,8.803591865481116e-05,0.00017607183730962233,0.0001078215398707271,0.00035214367461924466
