,min,mean,std,max
frequency,1.0,2.0,1.224744871391589,4.0
support,8.819119851838787e-05,0.00017638239703677574,0.00010801171808727305,0.0003527647940735515
