,min,mean,std,max
frequency,2.0,6.0,4.27617987059879,14.0
support,0.00017607183730962233,0.0005392200017607184,0.0004005046888919069,0.0013205387798221674
