,min,mean,std,max
frequency,1.0,2.2,1.6431676725154984,4.0
support,8.798944126704795e-05,0.0001935767707875055,0.00014458140541271432,0.0003519577650681918
