,min,mean,std,max
frequency,2.0,10.0,11.313708498984761,18.0
support,0.0001759788825340959,0.0008798944126704796,0.0009954868894839208,0.0015838099428068632
