,min,mean,std,max
frequency,2.0,10.0,11.313708498984761,18.0
support,0.00017607183730962233,0.0008803591865481116,0.0009960127211008681,0.001584646535786601
