,min,mean,std,max
frequency,2.0,10.0,11.313708498984761,18.0
support,0.00017638239703677574,0.0008819119851838787,0.000997769512213137,0.0015874415733309816
