,min,mean,std,max
frequency,2.0,10.0,11.313708498984761,18.0
support,0.00017618040873854828,0.0008809020436927413,0.0009966268938499613,0.0015856236786469344
