,min,mean,std,max
frequency,1.0,11.5,14.849242404917497,22.0
support,8.798944126704795e-05,0.0010118785745710515,0.001306576542447646,0.001935767707875055
