,min,mean,std,max
support,0.0001158882836945,0.0010816239811487999,0.0012062034995167826,0.0024336539575848
frequency,1.0,9.333333333333334,10.408329997330663,21.0
