,min,mean,std,max
frequency,2.0,2.5,0.7071067811865476,3.0
support,0.00017607183730962233,0.0002200897966370279,6.225079506880426e-05,0.0002641077559644335
