,min,mean,std,max
frequency,2.0,7.0,7.0710678118654755,12.0
support,0.0001759788825340959,0.0006599208095028596,0.0006843972365201956,0.0011438627364716233
