,min,mean,std,max
support,0.000231776567389,0.00069532970216705,0.0006555631300836815,0.0011588828369451
frequency,2.0,6.0,5.656854249492381,10.0
