,min,mean,std,max
frequency,2.0,2.5,0.7071067811865476,3.0
support,0.00017638239703677574,0.00022047799629596967,6.236059451332107e-05,0.0002645735955551636
