,min,mean,std,max
support,0.0005794414184725,0.0008884768416579334,0.0004387459609688697,0.0013906594043342
frequency,5.0,7.666666666666667,3.7859388972001824,12.0
