,min,mean,std,max
frequency,2.0,7.0,7.0710678118654755,12.0
support,0.00017607183730962233,0.0006602693899110837,0.0006847587457568467,0.001144466942512545
