,min,mean,std,max
frequency,1.0,10.0,12.727922061357855,19.0
support,8.809020436927414e-05,0.0008809020436927414,0.0011212052555812065,0.0016737138830162086
