,min,mean,std,max
frequency,1.0,10.0,12.727922061357855,19.0
support,8.798944126704795e-05,0.0008798944126704796,0.001119922750669411,0.0016717993840739112
