,min,mean,std,max
frequency,1.0,10.0,12.727922061357855,19.0
support,8.819119851838787e-05,0.0008819119851838787,0.001122490701239779,0.0016756327718493694
