,min,mean,std,max
support,0.0001158882836945,0.0011009386950979,0.001393071651427885,0.0020859891065013
frequency,1.0,9.5,12.020815280171307,18.0
