,min,mean,std,max
frequency,1.0,1.5,0.7071067811865476,2.0
support,8.803591865481116e-05,0.00013205387798221675,6.225079506880426e-05,0.00017607183730962233
