,min,mean,std,max
frequency,1.0,50.666666666666664,71.80761333823409,133.0
support,8.798944126704795e-05,0.004458131690863763,0.006318311776351437,0.011702595688517378
