,min,mean,std,max
frequency,3.0,4.0,1.4142135623730951,5.0
support,0.0002642706131078224,0.00035236081747709656,0.00012457836173124516,0.0004404510218463707
