,min,mean,std,max
support,0.0001158882836945,0.003940201645613575,0.005687584765519225,0.0124000463553134
frequency,1.0,34.0,49.07816894166557,107.0
