,min,mean,std,max
support,0.0003476648510835,0.00040560899293075,8.194539126045138e-05,0.000463553134778
frequency,3.0,3.5,0.7071067811865476,4.0
