,min,mean,std,max
support,0.0001158882836945,0.00017383242554175002,8.194539126045135e-05,0.000231776567389
frequency,1.0,1.5,0.7071067811865476,2.0
