,min,mean,std,max
support,0.0001158882836945,0.0005794414184725666,0.0006132231570436105,0.0012747711206397
frequency,1.0,5.0,5.291502622129181,11.0
