,min,mean,std,max
frequency,1.0,41.75,61.28281433920389,133.0
support,8.798944126704795e-05,0.0036735591728992516,0.0053922405929787845,0.011702595688517378
