,min,mean,std,max
frequency,3.0,4.0,1.4142135623730951,5.0
support,0.0002639683238011439,0.0003519577650681918,0.0001244358611854901,0.0004399472063352398
