,min,mean,std,max
frequency,1.0,3.0,2.8284271247461903,5.0
support,8.819119851838787e-05,0.0002645735955551636,0.00024944237805328426,0.00044095599259193934
