,min,mean,std,max
frequency,1.0,41.5,61.430177166167006,133.0
support,8.803591865481116e-05,0.0036754996038383656,0.005395088858104048,0.011708777181089884
