,min,mean,std,max
support,0.0001158882836945,0.00034766485108350003,0.0003277815650418054,0.0005794414184725
frequency,1.0,3.0,2.8284271247461903,5.0
