,min,mean,std,max
frequency,1.0,5.666666666666667,6.429100507328637,13.0
support,8.809020436927414e-05,0.0004991778247592202,0.0005663407776011837,0.0011451726568005639
