,min,mean,std,max
frequency,1.0,1.3333333333333333,0.5773502691896257,2.0
support,8.803591865481116e-05,0.00011738122487308155,5.082756133371122e-05,0.00017607183730962233
