,min,mean,std,max
frequency,1.0,1.3333333333333333,0.5773502691896257,2.0
support,8.819119851838787e-05,0.00011758826469118382,5.091721220474696e-05,0.00017638239703677574
