,min,mean,std,max
frequency,2.0,2.3333333333333335,0.5773502691896258,3.0
support,0.00017618040873854828,0.00020554381019497297,5.085890320556957e-05,0.0002642706131078224
