,min,mean,std,max
frequency,2.0,2.3333333333333335,0.5773502691896258,3.0
support,0.0001759788825340959,0.00020530869628977854,5.080072760137492e-05,0.0002639683238011439
