,min,mean,std,max
frequency,1.0,1.3333333333333333,0.5773502691896257,2.0
support,8.809020436927414e-05,0.00011745360582569885,5.085890320556957e-05,0.00017618040873854828
