,min,mean,std,max
frequency,3.0,4.0,1.4142135623730951,5.0
support,0.0002641077559644335,0.00035214367461924466,0.00012450159013760852,0.0004401795932740558
