,min,mean,std,max
frequency,2.0,7.0,5.033222956847166,14.0
support,0.00017618040873854828,0.0006166314305849189,0.00044337763890478916,0.0012332628611698379
