,min,mean,std,max
frequency,1.0,2.4,2.1908902300206643,6.0
support,8.798944126704795e-05,0.0002111746590409151,0.00019277520721695246,0.0005279366476022878
