,min,mean,std,max
frequency,2.0,7.0,5.033222956847166,14.0
support,0.00017607183730962233,0.0006162514305836783,0.0004431044068005253,0.0012325028611673563
