,min,mean,std,max
frequency,1.0,1.75,0.9574271077563381,3.0
support,8.819119851838787e-05,0.00015433459740717877,8.443664412702514e-05,0.0002645735955551636
