,min,mean,std,max
frequency,1.0,5.0,5.503245795502349,16.0
support,8.809020436927414e-05,0.00044045102184637065,0.00048478204682015063,0.0014094432699083862
