,min,mean,std,max
frequency,1.0,6.25,7.245688373094719,20.0
support,8.819119851838787e-05,0.0005511949907399242,0.0006390059417139712,0.0017638239703677574
