,min,mean,std,max
frequency,1.0,3.0,2.6457513110645907,6.0
support,8.803591865481116e-05,0.0002641077559644335,0.00023292114720174228,0.000528215511928867
