,min,mean,std,max
frequency,1.0,2.4,2.1908902300206643,6.0
support,8.819119851838787e-05,0.00021165887644413088,0.00019321723520774887,0.0005291471911103272
