,min,mean,std,max
frequency,1.0,5.0,5.503245795502349,16.0
support,8.803591865481116e-05,0.0004401795932740558,0.0004844832991902764,0.0014085746984769786
