,min,mean,std,max
support,0.0001158882836945,0.0005649553830107375,0.0006992848677772987,0.0017383242554177
frequency,1.0,4.875,6.0341291240504855,15.0
