,min,mean,std,max
support,0.0001158882836945,0.00019314713949083334,6.69081317869433e-05,0.000231776567389
frequency,1.0,1.6666666666666667,0.5773502691896257,2.0
