,min,mean,std,max
frequency,2.0,7.0,5.033222956847166,14.0
support,0.00017638239703677574,0.0006173383896287152,0.0004438859649746156,0.0012346767792574302
