,min,mean,std,max
frequency,1.0,5.0,5.503245795502349,16.0
support,8.798944126704795e-05,0.0004399472063352398,0.0004842275227014825,0.0014078310602727673
