,min,mean,std,max
frequency,1.0,1.75,0.9574271077563381,3.0
support,8.809020436927414e-05,0.00015415785764622973,8.433994959093887e-05,0.0002642706131078224
