,min,mean,std,max
frequency,3.0,4.0,1.4142135623730951,5.0
support,0.0002645735955551636,0.0003527647940735515,0.00012472118902664213,0.00044095599259193934
