,min,mean,std,max
frequency,1.0,4.0,4.242640687119285,7.0
support,8.803591865481116e-05,0.00035214367461924466,0.00037350477041282553,0.0006162514305836781
