,min,mean,std,max
frequency,1.0,3.0,2.6457513110645907,6.0
support,8.798944126704795e-05,0.0002639683238011439,0.00023279817959213296,0.0005279366476022878
