,min,mean,std,max
frequency,1.0,5.0,5.503245795502349,16.0
support,8.819119851838787e-05,0.00044095599259193934,0.0004853378424466311,0.001411059176294206
