,min,mean,std,max
frequency,2.0,7.0,5.033222956847166,14.0
support,0.0001759788825340959,0.0006159260888693358,0.0004428704757454612,0.0012318521777386713
