,min,mean,std,max
support,0.0001158882836945,0.0005504693475489125,0.0006061427293022563,0.0018542125391122
frequency,1.0,4.75,5.230405611149374,16.0
