,min,mean,std,max
support,0.0001158882836945,0.00027813188086681995,0.0002538985085201842,0.0006953297021671
frequency,1.0,2.4,2.1908902300206643,6.0
