,min,mean,std,max
frequency,1.0,4.0,4.242640687119285,7.0
support,8.798944126704795e-05,0.0003519577650681918,0.0003733075835564703,0.0006159260888693356
