,min,mean,std,max
support,0.0001158882836945,0.00030903542318533333,0.0002412406999033261,0.0005794414184725
frequency,1.0,2.6666666666666665,2.081665999466133,5.0
