,min,mean,std,max
frequency,1.0,6.125,7.079901129253148,20.0
support,8.803591865481116e-05,0.0005502244915925698,0.0006378808322118777,0.0017607183730962233
