,min,mean,std,max
frequency,1.0,1.75,0.9574271077563381,3.0
support,8.803591865481116e-05,0.00015406285764591954,8.428797497634811e-05,0.0002641077559644335
