,min,mean,std,max
frequency,1.0,1.75,0.9574271077563381,3.0
support,8.798944126704795e-05,0.00015398152221733394,8.424347626540592e-05,0.0002639683238011439
