,min,mean,std,max
frequency,1.0,2.4,2.1908902300206643,6.0
support,8.809020436927414e-05,0.00021141649048625797,0.00019299596811316638,0.0005285412262156448
