,min,mean,std,max
frequency,1.0,11.1875,17.5013094748174,62.0
support,8.803591865481116e-05,0.0009904040848666255,0.0015468623228932243,0.005458226956598292
