,min,mean,std,max
frequency,2.0,6.125,4.54933276112317,15.0
support,0.00017618040873854828,0.0005395525017618041,0.0004007516526711743,0.001321353065539112
