,min,mean,std,max
frequency,1.0,3.6,4.33589667773576,11.0
support,8.803591865481116e-05,0.0003169293071573202,0.00038171464721681135,0.0009683951052029228
