,min,mean,std,max
support,0.0001158882836945,0.0044472128867771125,0.009730463759523432,0.0279290763703789
frequency,1.0,38.375,83.96417178092774,241.0
