,min,mean,std,max
frequency,2.0,6.125,4.54933276112317,15.0
support,0.0001759788825340959,0.0005389353277606687,0.0004002932477891043,0.0013198416190057193
