,min,mean,std,max
frequency,1.0,10.764705882352942,15.372578718958907,57.0
support,8.819119851838787e-05,0.0009493523134626459,0.0013557261415432496,0.005026898315548109
