,min,mean,std,max
support,0.0001158882836945,0.0003154736611683778,0.00026308413815680123,0.0009271062695561
frequency,1.0,2.7222222222222223,2.2701530281551134,8.0
