,min,mean,std,max
frequency,1.0,10.647058823529411,15.280466192457073,57.0
support,8.803591865481116e-05,0.0009476807714017907,0.0013533390896169474,0.0050180473633242365
