,min,mean,std,max
frequency,1.0,3.6,4.33589667773576,11.0
support,8.798944126704795e-05,0.00031676198856137267,0.000381513126065619,0.0009678838539375275
