,min,mean,std,max
frequency,1.0,3.6,4.33589667773576,11.0
support,8.809020436927414e-05,0.00031712473572938693,0.00038195002446579987,0.0009689922480620155
