,min,mean,std,max
frequency,1.0,10.705882352941176,15.185374155261837,56.0
support,8.809020436927414e-05,0.000948265141151598,0.0013541736010358443,0.005021141649048625
