,min,mean,std,max
support,0.0001158882836945,0.0004893060867101334,0.0004046881994776483,0.0011588828369451
frequency,1.0,4.222222222222222,3.492054473292827,10.0
