,min,mean,std,max
frequency,1.0,6.375,7.52021086330506,21.0
support,8.798944126704795e-05,0.0005609326880774306,0.0006616991520725965,0.001847778266608007
