,min,mean,std,max
support,0.000231776567389,0.0005794414184725399,0.0003173731356502246,0.0010429945532506
frequency,2.0,5.0,2.7386127875258306,9.0
