,min,mean,std,max
frequency,1.0,4.642857142857143,5.519086650915844,22.0
support,8.809020436927414e-05,0.000412136313299104,0.0004966111817981641,0.002026074700493305
