,min,mean,std,max
frequency,1.0,6.25,7.245688373094719,20.0
support,8.809020436927414e-05,0.0005505637773079633,0.0006382741695819872,0.0017618040873854828
