,min,mean,std,max
frequency,2.0,7.5,7.7781745930520225,13.0
support,0.00017638239703677574,0.000661433988887909,0.0006859665396465317,0.0011464855807390422
