,min,mean,std,max
frequency,1.0,10.666666666666666,12.970662868107212,44.0
support,8.809020436927414e-05,0.0009396288466055906,0.0011425883428565198,0.003875968992248062
