,min,mean,std,max
frequency,1.0,44.25,92.35761241732362,264.0
support,8.803591865481116e-05,0.003895589400475394,0.00813078725392408,0.023241482524870148
