,min,mean,std,max
support,0.0001158882836945,0.0004345810638544,0.000394417619976456,0.0009271062695561
frequency,1.0,3.75,3.4034296427770228,8.0
