,min,mean,std,max
frequency,1.0,4.678571428571429,5.63753013577276,23.0
support,8.798944126704795e-05,0.00041166488592797427,0.0004960431267727901,0.002023757149142103
