,min,mean,std,max
frequency,1.0,6.0,16.152680610632125,79.0
support,8.809020436927414e-05,0.0005285412262156447,0.0014228929361021951,0.006959126145172656
