,min,mean,std,max
frequency,1.0,5.25,4.425306015783918,10.0
support,8.809020436927414e-05,0.0004624735729386893,0.0003898261113269836,0.0008809020436927414
