,min,mean,std,max
frequency,1.0,10.666666666666666,12.970662868107212,44.0
support,8.819119851838787e-05,0.0009407061175294703,0.0011438983039163254,0.003880412734809066
