,min,mean,std,max
support,0.0001158882836945,0.00097056437594155,0.0015144755762756831,0.0053308610499478
frequency,1.0,8.375,13.068409747682896,46.0
