,min,mean,std,max
frequency,1.0,44.25,92.35761241732362,264.0
support,8.819119851838787e-05,0.0039024605344386626,0.00814512853138051,0.023282476408854395
