,min,mean,std,max
frequency,1.0,44.25,92.35761241732362,264.0
support,8.798944126704795e-05,0.0038935327760668717,0.008126494713358875,0.023229212494500658
