,min,mean,std,max
frequency,1.0,10.764705882352942,15.372578718958907,57.0
support,8.798944126704795e-05,0.0009471804559923397,0.0013526246123149058,0.005015398152221733
