,min,mean,std,max
frequency,1.0,11.1875,17.527953864232604,62.0
support,8.809020436927414e-05,0.000991014799154334,0.0015478161668203076,0.005461592670894996
