,min,mean,std,max
frequency,1.0,2.25,1.8929694486000912,5.0
support,8.798944126704795e-05,0.0001979762428508579,0.0001665613241179139,0.0004399472063352398
