,min,mean,std,max
frequency,1.0,4.678571428571429,5.63753013577276,23.0
support,8.803591865481116e-05,0.0004118823337064378,0.0004963051444469372,0.0020248261290606567
