,min,mean,std,max
frequency,1.0,2.25,1.8929694486000912,5.0
support,8.819119851838787e-05,0.0001984301966663727,0.00016694324443073386,0.00044095599259193934
