,min,mean,std,max
frequency,1.0,5.833333333333333,15.818719419029186,79.0
support,8.803591865481116e-05,0.0005135428588197318,0.001392615495996935,0.006954837573730082
