,min,mean,std,max
frequency,1.0,3.6,4.33589667773576,11.0
support,8.819119851838787e-05,0.00031748831466619636,0.00038238792466141285,0.0009701031837022666
