,min,mean,std,max
frequency,2.0,7.5,7.7781745930520225,13.0
support,0.00017618040873854828,0.0006606765327695561,0.0006851809895218484,0.0011451726568005639
