,min,mean,std,max
frequency,1.0,5.0,5.656854249492381,9.0
support,8.798944126704795e-05,0.0004399472063352398,0.0004977434447419604,0.0007919049714034316
