,min,mean,std,max
frequency,1.0,1.4,0.5477225575051661,2.0
support,8.803591865481116e-05,0.00012325028611673562,4.8219258517929937e-05,0.00017607183730962233
