,min,mean,std,max
support,0.0001158882836945,0.0001158882836945,0.0,0.0001158882836945
frequency,1.0,1.0,0.0,1.0
