,min,mean,std,max
frequency,1.0,3.0,2.8284271247461903,5.0
support,8.798944126704795e-05,0.0002639683238011439,0.0002488717223709802,0.0004399472063352398
