,min,mean,std,max
frequency,3.0,24.333333333333332,34.38507428134093,64.0
support,0.0002645735955551636,0.002145985830614105,0.003032460912015251,0.005644236705176824
