,min,mean,std,max
frequency,1.0,1.4,0.5477225575051661,2.0
support,8.798944126704795e-05,0.00012318521777386716,4.819380180423811e-05,0.0001759788825340959
