,min,mean,std,max
frequency,1.0,1.6666666666666667,1.1547005383792517,3.0
support,9.39584703561026e-05,0.00015659745059350434,0.00010849389630548263,0.0002818754110683078
