,min,mean,std,max
frequency,1.0,1.6666666666666667,1.1547005383792517,3.0
support,9.386146048432514e-05,0.00015643576747387524,0.00010838187895431308,0.0002815843814529754
