,min,mean,std,max
frequency,1.0,1.5,0.7071067811865476,2.0
support,8.796622097114708e-05,0.00013194933145672062,6.220151136405239e-05,0.00017593244194229416
