,min,mean,std,max
frequency,1.0,1.6666666666666667,1.1547005383792517,3.0
support,9.428625306430322e-05,0.00015714375510717202,0.0001088723871751133,0.0002828587591929097
