,min,mean,std,max
frequency,1.0,2.782608695652174,4.055933047447343,20.0
support,8.796622097114708e-05,0.00024477557139797443,0.00035678510269593106,0.0017593244194229415
