,min,mean,std,max
frequency,1.0,5.5,6.363961030678928,10.0
support,9.428625306430322e-05,0.0005185743918536677,0.0006000340402299574,0.0009428625306430323
