,min,mean,std,max
frequency,1.0,4.125,4.85320218294802,15.0
support,9.385265133740028e-05,0.00041060534960112624,0.000445711877745356,0.0014077897700610043
