,min,mean,std,max
frequency,1.0,3.0,2.70801280154532,7.0
support,8.796622097114708e-05,0.00026389866291344125,0.0002382136524934307,0.0006157635467980296
