,min,mean,std,max
frequency,1.0,4.444444444444445,3.5039660069381067,10.0
support,8.796622097114708e-05,0.00039096098209398706,0.00030823064804170536,0.0008796622097114708
