,min,mean,std,max
frequency,1.0,16.310344827586206,29.19161260200298,104.0
support,9.428625306430322e-05,0.0015443438001911736,0.002754248592308149,0.009805770318687535
