,min,mean,std,max
frequency,1.0,13.5,21.382055740557494,67.0
support,9.386146048432514e-05,0.0012671297165383893,0.0020069509799659747,0.0062887178524497845
