,min,mean,std,max
frequency,2.0,4.333333333333333,2.516611478423583,7.0
support,0.00018770530267480057,0.0004066948224620679,0.000236190659636188,0.000656968559361802
