,min,mean,std,max
frequency,1.0,16.379310344827587,29.211560570020225,104.0
support,9.39584703561026e-05,0.0015389749454878872,0.0027446735478737416,0.00977168091703467
