,min,mean,std,max
frequency,1.0,2.0,1.7320508075688772,5.0
support,9.385265133740028e-05,0.00022524636320976065,0.00020562085687664608,0.0005631159080244016
