,min,mean,std,max
frequency,1.0,4.375,4.749060057376767,15.0
support,9.39584703561026e-05,0.0004110683078079489,0.000446214418620386,0.0014093770553415391
