,min,mean,std,max
frequency,1.0,11.733333333333333,18.23445195489127,59.0
support,8.796622097114708e-05,0.0010380014074595357,0.0016183325788726108,0.005190007037297678
