,min,mean,std,max
frequency,2.0,4.0,2.6457513110645907,7.0
support,0.00018857250612860644,0.00037714501225721294,0.000249457977660248,0.0006600037714501226
