,min,mean,std,max
frequency,1.0,13.5,21.382055740557494,67.0
support,9.39584703561026e-05,0.0012684393498073854,0.0020090252504517047,0.006295217513858874
