,min,mean,std,max
frequency,1.0,13.357142857142858,21.439026753373582,67.0
support,9.385265133740028e-05,0.0012670107930549037,0.002006762622295401,0.006288127639605819
