,min,mean,std,max
frequency,1.0,2.0,1.4142135623730951,3.0
support,8.796622097114708e-05,0.00017593244194229416,0.00012440302272810478,0.00026389866291344125
