,min,mean,std,max
frequency,1.0,3.0,2.70801280154532,7.0
support,9.385265133740028e-05,0.0002815579540122008,0.00025415418128064943,0.000656968559361802
