,min,mean,std,max
frequency,2.0,4.0,2.6457513110645907,7.0
support,0.00017593244194229416,0.0003518648838845883,0.00023273674446380987,0.0006157635467980296
