,min,mean,std,max
frequency,1.0,3.0,2.70801280154532,7.0
support,9.386146048432514e-05,0.0002815843814529754,0.0002541780365632927,0.000657030223390276
