,min,mean,std,max
frequency,1.0,4.375,4.749060057376767,15.0
support,9.386146048432514e-05,0.00041064388961892245,0.0004457537129131564,0.001407921907264877
