,min,mean,std,max
frequency,1.0,2.4,2.1908902300206643,6.0
support,8.796622097114708e-05,0.000211118930330753,0.00019272433409752503,0.0005277973258268825
