,min,mean,std,max
frequency,1.0,4.678571428571429,5.63753013577276,23.0
support,8.796622097114708e-05,0.0004115562481150096,0.0004959122216548874,0.0020232230823363827
