,min,mean,std,max
frequency,1.0,13.5,21.382055740557494,67.0
support,9.428625306430322e-05,0.0012728644163680937,0.0020160339185892415,0.006317178955308316
