,min,mean,std,max
frequency,1.0,2.0,1.224744871391589,4.0
support,8.796622097114708e-05,0.00017593244194229416,0.00010773617799011162,0.0003518648838845883
