,min,mean,std,max
frequency,4.0,16.6,23.754999473794985,59.0
support,0.0003518648838845883,0.0014602392681210415,0.0020896375328813325,0.005190007037297678
