,min,mean,std,max
frequency,1.0,12.76923076923077,19.592319269524328,59.0
support,9.428625306430322e-05,0.0012039629237441797,0.0018472863727629955,0.00556288893079389
