,min,mean,std,max
frequency,1.0,6.59375,13.590460067220302,75.0
support,9.428625306430322e-05,0.0006216999811427495,0.001281393557158241,0.007071468979822742
