,min,mean,std,max
frequency,1.0,13.470588235294118,37.53850963853458,158.0
support,9.385265133740028e-05,0.0012697711651530625,0.0035213693705243745,0.014828718911309244
