,min,mean,std,max
frequency,1.0,3.0,2.8284271247461903,7.0
support,8.796622097114708e-05,0.00026389866291344125,0.00024880604545620956,0.0006157635467980296
