,min,mean,std,max
frequency,1.0,9.615384615384615,12.958513684951562,39.0
support,8.796622097114708e-05,0.0008458290477994912,0.0011399114782680827,0.003430682617874736
