,min,mean,std,max
frequency,1.0,6.4375,13.616729511180177,75.0
support,9.385265133740028e-05,0.0006188409197559831,0.0012755007102036888,0.0070389488503050214
