,min,mean,std,max
frequency,1.0,3.75,3.882193783343198,12.0
support,8.796622097114708e-05,0.00032987332864180155,0.00034150191619838124,0.001055594651653765
