,min,mean,std,max
frequency,1.0,3.75,3.882193783343198,12.0
support,9.428625306430322e-05,0.0003535734489911371,0.00036603750550096156,0.0011314350367716388
