,min,mean,std,max
frequency,1.0,14.333333333333334,39.961886604017835,158.0
support,8.796622097114708e-05,0.0012608491672531084,0.003515296147432956,0.013898662913441238
