,min,mean,std,max
frequency,1.0,5.75,5.737304826019502,14.0
support,8.796622097114708e-05,0.0005058057705840957,0.0005046890241044601,0.0012315270935960591
