,min,mean,std,max
frequency,1.0,4.5,5.066228051190222,12.0
support,8.796622097114708e-05,0.00039584799437016185,0.0004456569362412228,0.001055594651653765
