,min,mean,std,max
frequency,1.0,4.125,3.6030740843261686,10.0
support,9.39584703561026e-05,0.0003875786902189232,0.0003385393295430018,0.000939584703561026
