,min,mean,std,max
frequency,1.0,7.333333333333333,12.24744871391589,37.0
support,8.796622097114708e-05,0.0006450856204550785,0.0010773617799011165,0.003254750175932442
