,min,mean,std,max
frequency,4.0,134.0,183.84776310850236,264.0
support,0.00037541060534960113,0.012576255279211638,0.017254600010183235,0.024777099953073676
