,min,mean,std,max
frequency,4.0,134.0,183.84776310850236,264.0
support,0.0003771450122572129,0.012634357910616631,0.017334316717754324,0.02489157080897605
