,min,mean,std,max
frequency,1.0,1.8,0.8366600265340756,3.0
support,8.796622097114708e-05,0.00015833919774806474,7.359782077182227e-05,0.00026389866291344125
