,min,mean,std,max
frequency,1.0,4.125,3.6030740843261686,10.0
support,9.428625306430322e-05,0.0003889307938902508,0.00033972035492420977,0.0009428625306430323
