,min,mean,std,max
frequency,1.0,1.125,0.3535533905932738,2.0
support,8.796622097114708e-05,9.896199859254048e-05,3.1100755682026195e-05,0.00017593244194229416
