,min,mean,std,max
frequency,1.0,30.11842105263158,58.35248457555471,315.0
support,9.428625306430322e-05,0.002850918546602221,0.005505690041089829,0.029700169715255516
