,min,mean,std,max
frequency,1.0,21.953125,48.63287466329616,313.0
support,9.428625306430322e-05,0.00207724401282293,0.004588104626395593,0.02951159720912691
