,min,mean,std,max
frequency,1.0,1.0,0.0,1.0
support,9.385265133740028e-05,9.38526513374003e-05,1.4638402384435475e-20,9.385265133740028e-05
