,min,mean,std,max
frequency,1.0,8.25,19.792949996532034,79.0
support,9.385265133740028e-05,0.0007938370092288441,0.001851576473856214,0.007414359455654622
