,min,mean,std,max
frequency,1.0,3.7,3.465704994818675,10.0
support,8.796622097114708e-05,0.00032547501759324423,0.0003048649713950277,0.0008796622097114708
