,min,mean,std,max
frequency,1.0,4.125,3.6030740843261686,10.0
support,9.386146048432514e-05,0.0003871785244978412,0.0003381897957880767,0.0009386146048432514
