,min,mean,std,max
frequency,1.0,30.13157894736842,58.386606250694896,315.0
support,9.386146048432514e-05,0.0028380741604339356,0.0054808849798947575,0.02956636005256242
