,min,mean,std,max
frequency,1.0,1.5,1.2692955176439846,5.0
support,9.386146048432514e-05,0.0001407921907264877,0.00011913793107227189,0.0004693073024216257
