,min,mean,std,max
frequency,1.0,4.375,3.583194903195431,10.0
support,8.796622097114708e-05,0.00038485221674876844,0.00031520011463717726,0.0008796622097114708
