,min,mean,std,max
frequency,1.0,22.323076923076922,49.62424674878819,313.0
support,8.796622097114708e-05,0.0019636767173712984,0.0043652574550306295,0.027533427163969035
