,min,mean,std,max
frequency,1.0,16.310344827586206,29.19161260200298,104.0
support,9.386146048432514e-05,0.0015373859906915326,0.002741839738128424,0.009761591890369814
