,min,mean,std,max
frequency,1.0,1.6666666666666667,1.3228756555322951,5.0
support,9.428625306430322e-05,0.00015714375510717204,0.000124728988830124,0.00047143126532151613
