,min,mean,std,max
frequency,1.0,30.210526315789473,58.36672928749133,315.0
support,9.39584703561026e-05,0.002841007432609523,0.005486549711152752,0.02959691816217232
