,min,mean,std,max
frequency,1.0,1.2857142857142858,0.7559289460184545,3.0
support,9.428625306430322e-05,0.00012122518251124698,7.127370790292803e-05,0.0002828587591929097
