,min,mean,std,max
frequency,1.0,4.142857142857143,3.6253078686998625,9.0
support,9.428625306430322e-05,0.0003906144769806849,0.00034181669514424506,0.0008485762775787291
