,min,mean,std,max
frequency,1.0,1.1428571428571428,0.3779644730092273,2.0
support,9.385265133740028e-05,0.00012066769457665753,7.094593580651848e-05,0.0002815579540122008
