,min,mean,std,max
frequency,1.0,1.2857142857142858,0.7559289460184545,3.0
support,9.386146048432514e-05,0.00012067902062270375,7.09525948956687e-05,0.0002815843814529754
