,min,mean,std,max
frequency,1.0,3.875,3.720119045714225,10.0
support,9.385265133740028e-05,0.00038714218676677613,0.00033815805577908667,0.0009385265133740028
