,min,mean,std,max
frequency,1.0,10.26923076923077,27.28597836590463,130.0
support,9.385265133740028e-05,0.0009710139696061798,0.0025591251540033606,0.012200844673862036
