,min,mean,std,max
frequency,1.0,1.4,0.8944271909999161,3.0
support,8.796622097114708e-05,0.0001231527093596059,7.867937992610099e-05,0.00026389866291344125
