,min,mean,std,max
frequency,1.0,2.8636363636363638,4.1322823688317305,20.0
support,9.428625306430322e-05,0.0002700015428659592,0.0003896174211608269,0.0018857250612860645
