,min,mean,std,max
frequency,1.0,30.092105263157894,58.4210413308034,315.0
support,9.385265133740028e-05,0.0028378077996492877,0.005480370584307719,0.02956358517128109
