,min,mean,std,max
frequency,1.0,1.0,0.0,1.0
support,9.428625306430322e-05,9.428625306430321e-05,1.4638402384435475e-20,9.428625306430322e-05
