,min,mean,std,max
frequency,1.0,1.0,0.0,1.0
support,9.385265133740028e-05,9.385265133740028e-05,0.0,9.385265133740028e-05
