,min,mean,std,max
frequency,1.0,5.916666666666667,12.669431429769183,63.0
support,8.796622097114708e-05,0.0005204668074126202,0.0011144820047298718,0.005541871921182266
