,min,mean,std,max
frequency,1.0,16.275862068965516,29.144831141490762,104.0
support,9.385265133740028e-05,0.0015372417029401767,0.002741582409199458,0.00976067573908963
