,min,mean,std,max
frequency,1.0,2.5,2.1213203435596424,4.0
support,8.796622097114708e-05,0.0002199155524278677,0.00018660453409215716,0.0003518648838845883
