,min,mean,std,max
frequency,1.0,1.625,1.407885953173359,5.0
support,8.796622097114708e-05,0.000142945109078114,0.0001238464068590217,0.0004398311048557354
