,min,mean,std,max
frequency,1.0,8.458333333333334,19.728547328937957,79.0
support,9.428625306430322e-05,0.0007975045571688982,0.0018601308060473274,0.007448613992079954
