,min,mean,std,max
frequency,1.0,2.9523809523809526,4.212792310050312,20.0
support,8.796622097114708e-05,0.0002597097952481485,0.0003705834192514349,0.0017593244194229415
