,min,mean,std,max
frequency,1.0,5.833333333333333,15.818719419029186,79.0
support,8.796622097114708e-05,0.0005131362889983579,0.0013915129678948965,0.006949331456720619
