,min,mean,std,max
frequency,1.0,1.5,1.2692955176439846,5.0
support,9.428625306430322e-05,0.00014142937959645487,0.00011967711838996648,0.00047143126532151613
