,min,mean,std,max
frequency,1.0,1.5,1.2692955176439846,5.0
support,9.39584703561026e-05,0.0001409377055341539,0.00011926106526768626,0.000469792351780513
