,min,mean,std,max
frequency,1.0,4.5,4.949747468305833,8.0
support,9.39584703561026e-05,0.0004228131166024617,0.0004650707007710075,0.0007516677628488208
