,min,mean,std,max
frequency,1.0,4.5,4.949747468305833,8.0
support,9.385265133740028e-05,0.0004223369310183013,0.0004645469233510871,0.0007508212106992023
