,min,mean,std,max
frequency,1.0,1.5,0.7071067811865476,2.0
support,9.385265133740028e-05,0.00018770530267480057,0.00013272769238602486,0.0002815579540122008
