,min,mean,std,max
frequency,3.0,3.0,0.0,3.0
support,0.00026389866291344125,0.00026389866291344125,0.0,0.00026389866291344125
