,min,mean,std,max
frequency,3.0,3.0,0.0,3.0
support,0.0002815843814529754,0.0002815843814529754,0.0,0.0002815843814529754
