,min,mean,std,max
frequency,1.0,1.5,1.2692955176439846,5.0
support,9.385265133740028e-05,0.0001407789770061004,0.00011912674966156588,0.0004692632566870014
