,min,mean,std,max
frequency,2.0,2.0,0.0,2.0
support,0.0002815579540122008,0.0002815579540122008,0.0,0.0002815579540122008
