,min,mean,std,max
frequency,3.0,3.0,0.0,3.0
support,0.0002818754110683078,0.0002818754110683078,0.0,0.0002818754110683078
