,min,mean,std,max
frequency,1.0,1.7142857142857142,1.496026483086191,5.0
support,9.428625306430322e-05,0.00016163357668166268,0.00014105473157516419,0.00047143126532151613
