,min,mean,std,max
frequency,1.0,4.5,4.949747468305833,8.0
support,9.428625306430322e-05,0.0004242881387893645,0.00046669314240107787,0.0007542900245144258
