,min,mean,std,max
frequency,3.0,3.0,0.0,3.0
support,0.0002828587591929097,0.0002828587591929097,0.0,0.0002828587591929097
