,min,mean,std,max
frequency,1.0,4.5,4.949747468305833,8.0
support,8.796622097114708e-05,0.00039584799437016185,0.0004354105795483667,0.0007037297677691766
