,min,mean,std,max
frequency,1.0,1.4,0.5477225575051661,2.0
support,9.385265133740028e-05,0.00013139371187236042,5.1405214219161534e-05,0.00018770530267480057
