,min,mean,std,max
frequency,1.0,1.4,0.5477225575051661,2.0
support,9.386146048432514e-05,0.00013140604467805518,5.1410039187644656e-05,0.00018772292096865028
