,min,mean,std,max
frequency,1.0,5.25,4.425306015783918,10.0
support,9.428625306430322e-05,0.0004950028285875919,0.0004172455228911859,0.0009428625306430323
