,min,mean,std,max
frequency,1.0,1.4,0.5477225575051661,2.0
support,8.796622097114708e-05,0.0001231527093596059,4.818108352438126e-05,0.00017593244194229416
