,min,mean,std,max
frequency,1.0,3.0,2.6457513110645907,6.0
support,9.428625306430322e-05,0.00028285875919290964,0.000249457977660248,0.0005657175183858194
