,min,mean,std,max
frequency,1.0,3.0,2.6457513110645907,6.0
support,8.796622097114708e-05,0.00026389866291344125,0.0002327367444638099,0.0005277973258268825
