,min,mean,std,max
frequency,1.0,3.0,2.8284271247461903,5.0
support,9.385265133740028e-05,0.0002815579540122008,0.0002654553847720497,0.0004692632566870014
