,min,mean,std,max
frequency,1.0,1.3333333333333333,0.5773502691896257,2.0
support,9.385265133740028e-05,0.00015642108556233381,0.00010837170702761627,0.0002815579540122008
