,min,mean,std,max
frequency,1.0,5.0,5.656854249492381,9.0
support,9.428625306430322e-05,0.00047143126532151613,0.0005333635913155176,0.0008485762775787291
