,min,mean,std,max
frequency,1.0,5.5,7.724420150837645,17.0
support,8.796622097114708e-05,0.0004838142153413089,0.0006794880498625655,0.0014954257565095003
