,min,mean,std,max
frequency,1.0,2.0,1.4142135623730951,3.0
support,9.428625306430322e-05,0.00018857250612860644,0.00013334089782887943,0.0002828587591929097
