,min,mean,std,max
frequency,1.0,1.4,0.5477225575051661,2.0
support,9.428625306430322e-05,0.0001320007542900245,5.164270766595947e-05,0.00018857250612860644
