,min,mean,std,max
frequency,1.0,22.5,30.405591591021544,44.0
support,9.385265133740028e-05,0.002111684655091506,0.0028536453862995346,0.004129516658845612
