,min,mean,std,max
frequency,1.0,1.4,0.8944271909999161,3.0
support,9.428625306430322e-05,0.0001320007542900245,8.433218847821195e-05,0.0002828587591929097
