,min,mean,std,max
frequency,1.0,3.6,4.33589667773576,11.0
support,9.385265133740028e-05,0.00035664007508212105,0.0004471564241979012,0.0011262318160488033
