,min,mean,std,max
frequency,1.0,22.5,30.405591591021544,44.0
support,9.428625306430322e-05,0.0021214406939468224,0.0028668293033209074,0.004148595134829342
