,min,mean,std,max
frequency,1.0,7.375,10.013383900702955,24.0
support,8.796622097114708e-05,0.0006487508796622097,0.0008808395408781629,0.00211118930330753
