,min,mean,std,max
frequency,1.0,7.375,10.013383900702955,24.0
support,9.428625306430322e-05,0.0006953611163492364,0.0009441244484916987,0.0022628700735432775
