,min,mean,std,max
frequency,1.0,11.5,14.849242404917497,22.0
support,9.428625306430322e-05,0.0010842919102394871,0.0014000794272032338,0.002074297567414671
