,min,mean,std,max
frequency,1.0,11.5,14.849242404917497,22.0
support,9.385265133740028e-05,0.0010793054903801033,0.0013936407700532612,0.002064758329422806
