,min,mean,std,max
frequency,1.0,3.0,2.70801280154532,7.0
support,9.428625306430322e-05,0.0002828587591929097,0.0002553283803078748,0.0006600037714501226
