,min,mean,std,max
frequency,1.0,4.0,4.358898943540674,9.0
support,9.39584703561026e-05,0.0003758338814244104,0.00040955547717191334,0.0008456262332049234
