,min,mean,std,max
frequency,1.0,3.0,2.70801280154532,7.0
support,9.39584703561026e-05,0.0002818754110683078,0.00025444074053794237,0.0006577092924927182
