,min,mean,std,max
frequency,1.0,3.8,4.764451699828639,12.0
support,9.39584703561026e-05,0.00035704218735318994,0.0004476605938014318,0.0011275016442732313
