,min,mean,std,max
frequency,1.0,1.2857142857142858,0.7559289460184545,3.0
support,9.39584703561026e-05,0.00012080374760070334,7.102592746579484e-05,0.0002818754110683078
