,min,mean,std,max
frequency,1.0,4.0,4.358898943540674,9.0
support,8.796622097114708e-05,0.0003518648838845883,0.0003834358676583984,0.0007916959887403237
