,min,mean,std,max
frequency,1.0,11.5,14.849242404917497,22.0
support,9.39584703561026e-05,0.0010805224090951798,0.0013952121023130223,0.002067086347834257
