,min,mean,std,max
frequency,1.0,4.0,4.358898943540674,9.0
support,9.385265133740028e-05,0.0003754106053496011,0.00040909422276308525,0.0008446738620366026
