,min,mean,std,max
frequency,1.0,7.375,10.013383900702955,24.0
support,9.39584703561026e-05,0.0006929437188762568,0.0009408422343984737,0.0022550032885464625
