,min,mean,std,max
frequency,1.0,50.666666666666664,71.80761333823409,133.0
support,8.796622097114708e-05,0.004456955195871452,0.006316644382321788,0.011699507389162561
