,min,mean,std,max
frequency,1.0,50.666666666666664,71.80761333823409,133.0
support,9.385265133740028e-05,0.004755201001094948,0.006739334898004138,0.012482402627874237
