,min,mean,std,max
frequency,1.0,22.5,30.405591591021544,44.0
support,9.39584703561026e-05,0.0021140655830123086,0.00285686287616476,0.004134172695668514
