,min,mean,std,max
frequency,1.0,11.5,14.849242404917497,22.0
support,8.796622097114708e-05,0.0010116115411681914,0.0013062317386451,0.0019352568613652356
