,min,mean,std,max
frequency,1.0,50.666666666666664,71.80761333823409,133.0
support,9.428625306430322e-05,0.00477717015525803,0.006770470803152374,0.012540071657552328
