,min,mean,std,max
frequency,1.0,22.5,30.405591591021544,44.0
support,8.796622097114708e-05,0.0019792399718508093,0.0026746649886542524,0.0038705137227304713
