,min,mean,std,max
frequency,1.0,7.125,9.847951200993172,23.0
support,9.385265133740028e-05,0.0006921633036133271,0.0009397826279402117,0.0022524636320976066
