,min,mean,std,max
frequency,1.0,4.333333333333333,5.773502691896258,11.0
support,9.385265133740028e-05,0.00040669482246206783,0.0005418585351380814,0.001032379164711403
