,min,mean,std,max
frequency,1.0,2.25,1.8929694486000912,5.0
support,9.39584703561026e-05,0.00021140655830123085,0.00017786051382129954,0.000469792351780513
