,min,mean,std,max
frequency,1.0,2.25,1.8929694486000912,5.0
support,8.796622097114708e-05,0.00019792399718508092,0.00016651736880718605,0.0004398311048557354
