,min,mean,std,max
frequency,1.0,3.0,2.8284271247461903,5.0
support,9.428625306430322e-05,0.0002828587591929097,0.0002666817956577588,0.00047143126532151613
