,min,mean,std,max
frequency,1.0,8.571428571428571,14.84202527574031,41.0
support,9.428625306430322e-05,0.0008081678834083132,0.0013993989511352362,0.0038657363756364324
