,min,mean,std,max
frequency,1.0,8.571428571428571,15.175167685587999,42.0
support,9.385265133740028e-05,0.0008178588187973452,0.0014271717404549516,0.0039418113561708115
