,min,mean,std,max
frequency,1.0,4.0,4.358898943540674,9.0
support,9.428625306430322e-05,0.00037714501225721294,0.0004109842488724,0.0008485762775787291
