,min,mean,std,max
frequency,1.0,2.0,1.4142135623730951,3.0
support,9.39584703561026e-05,0.0001879169407122052,0.00013287734307743072,0.0002818754110683078
