,min,mean,std,max
frequency,1.0,1.3333333333333333,0.5773502691896257,2.0
support,8.796622097114708e-05,0.0001172882946281961,5.0787321357285875e-05,0.00017593244194229416
