,min,mean,std,max
frequency,1.0,8.714285714285714,15.206514894547507,42.0
support,9.428625306430322e-05,0.0008216373481317851,0.0014337653115734025,0.003960022628700735
