,min,mean,std,max
frequency,1.0,1.3333333333333333,0.5773502691896257,2.0
support,9.39584703561026e-05,0.00012527796047480348,5.424694815274131e-05,0.0001879169407122052
