,min,mean,std,max
frequency,1.0,4.0,4.358898943540674,9.0
support,9.386146048432514e-05,0.00037544584193730055,0.0004091326209443095,0.0008447531443589262
