,min,mean,std,max
frequency,1.0,3.0,2.8284271247461903,5.0
support,9.386146048432514e-05,0.0002815843814529754,0.0002654803008021579,0.0004693073024216257
