,min,mean,std,max
frequency,1.0,10.346153846153847,27.2674785159058,130.0
support,9.386146048432514e-05,0.0009711051103955177,0.0025593653572278776,0.012201989862962268
