,min,mean,std,max
frequency,1.0,7.25,9.794313218831192,24.0
support,9.386146048432514e-05,0.0006922282710718979,0.0009398708373102079,0.0022526750516238033
