,min,mean,std,max
frequency,1.0,10.307692307692308,27.190835560194515,130.0
support,9.39584703561026e-05,0.0009721087894535231,0.0025620105718223997,0.012214601146293339
