,min,mean,std,max
frequency,1.0,3.0,1.954016841836789,8.0
support,9.385265133740028e-05,0.0003050211168465509,0.0001750112324283607,0.0007508212106992023
