,min,mean,std,max
frequency,1.0,2.8333333333333335,1.9462473604038075,8.0
support,8.796622097114708e-05,0.0002492376260849168,0.00017120402536979304,0.0007037297677691766
