,min,mean,std,max
frequency,2.0,3.0,1.7320508075688772,5.0
support,0.00018770530267480057,0.00031284217112466763,0.00021674341405523255,0.0005631159080244016
