,min,mean,std,max
frequency,1.0,13.529411764705882,37.52019064293721,158.0
support,9.39584703561026e-05,0.0012712028342296237,0.0035253397202797345,0.014845438316264212
