,min,mean,std,max
frequency,1.0,2.8333333333333335,1.9462473604038075,8.0
support,9.428625306430322e-05,0.0002671443836821925,0.00018350437114876555,0.0007542900245144258
