,min,mean,std,max
frequency,1.0,2.2,1.6431676725154984,4.0
support,9.39584703561026e-05,0.00020670863478342572,0.00015438952104815357,0.0003758338814244104
