,min,mean,std,max
frequency,1.0,14.3125,38.60694022236589,158.0
support,9.428625306430322e-05,0.00134947199698284,0.0036401037358444175,0.014897227984159909
