,min,mean,std,max
frequency,2.0,3.3333333333333335,2.3094010767585034,6.0
support,0.00018857250612860644,0.00031428751021434404,0.0002177447743502266,0.0005657175183858194
