,min,mean,std,max
frequency,1.0,4.5,4.949747468305833,8.0
support,9.386146048432514e-05,0.0004223765721794631,0.00046459052640377633,0.0007508916838746011
