,min,mean,std,max
frequency,2.0,3.3333333333333335,2.3094010767585034,6.0
support,0.0001879169407122052,0.0003131949011870087,0.00021698779261096525,0.0005637508221366156
