,min,mean,std,max
frequency,4.0,11.0,9.899494936611665,18.0
support,0.0003518648838845883,0.0009676284306826178,0.0008708211590967333,0.0015833919774806474
