,min,mean,std,max
frequency,4.0,11.0,9.899494936611665,18.0
support,0.00037544584193730055,0.0010324760653275765,0.0009291810528075527,0.0016895062887178525
