,min,mean,std,max
frequency,1.0,3.6,5.272570530585628,13.0
support,9.428625306430322e-05,0.00033943051103149164,0.000497130919346184,0.0012257212898359419
