,min,mean,std,max
frequency,1.0,3.25,1.864744681524183,8.0
support,9.39584703561026e-05,0.0003053650286573335,0.00017520855788068996,0.0007516677628488208
