,min,mean,std,max
frequency,2.0,3.3333333333333335,2.3094010767585034,6.0
support,0.00018772292096865028,0.0003128715349477505,0.00021676375790862616,0.0005631687629059508
