,min,mean,std,max
frequency,1.0,5.666666666666667,8.082903768654761,15.0
support,9.386146048432514e-05,0.0005318816094111758,0.0007586731526801916,0.001407921907264877
