,min,mean,std,max
frequency,1.0,8.571428571428571,14.84202527574031,41.0
support,9.386146048432514e-05,0.0008179355842205475,0.0014273056968788723,0.003942181340341655
