,min,mean,std,max
frequency,1.0,2.2,1.6431676725154984,4.0
support,9.428625306430322e-05,0.0002074297567414671,0.00015492812299787838,0.0003771450122572129
