,min,mean,std,max
frequency,2.0,2.3333333333333335,0.5773502691896258,3.0
support,0.0001879169407122052,0.00021923643083090607,5.424694815274132e-05,0.0002818754110683078
