,min,mean,std,max
frequency,4.0,11.0,9.899494936611665,18.0
support,0.0003758338814244104,0.0010335431739171286,0.000930141401542015,0.0016912524664098468
