,min,mean,std,max
frequency,1.0,5.863636363636363,13.224419888421625,63.0
support,9.428625306430322e-05,0.0005528603020588689,0.0012468810002283256,0.005940033943051103
