,min,mean,std,max
frequency,1.0,14.3125,38.60694022236589,158.0
support,8.796622097114708e-05,0.0012590165376495425,0.003396106634620504,0.013898662913441238
