,min,mean,std,max
frequency,1.0,3.25,1.864744681524183,8.0
support,9.428625306430322e-05,0.00030643032245898557,0.00017581978894250265,0.0007542900245144258
