,min,mean,std,max
frequency,1.0,13.529411764705882,37.52019064293721,158.0
support,9.428625306430322e-05,0.00127563754145822,0.0035376381899808796,0.014897227984159909
