,min,mean,std,max
frequency,2.0,2.3333333333333335,0.5773502691896258,3.0
support,0.00018772292096865028,0.0002190100744634253,5.419093947715654e-05,0.0002815843814529754
