,min,mean,std,max
frequency,1.0,3.25,1.864744681524183,8.0
support,9.386146048432514e-05,0.00030504974657405664,0.00017502765923823758,0.0007508916838746011
