,min,mean,std,max
frequency,1.0,3.0,2.0,5.0
support,8.796622097114708e-05,0.00026389866291344125,0.00017593244194229416,0.0004398311048557354
