,min,mean,std,max
frequency,1.0,8.571428571428571,14.84202527574031,41.0
support,8.796622097114708e-05,0.0007539961797526892,0.0013055968750651228,0.0036066150598170303
