,min,mean,std,max
frequency,1.0,11.25,17.570809125744134,62.0
support,9.39584703561026e-05,0.0010570327915061543,0.0016509263483739673,0.0058254251620783615
