,min,mean,std,max
frequency,1.0,8.714285714285714,15.206514894547507,42.0
support,9.39584703561026e-05,0.0008187809559603228,0.001428780878938975,0.003946255754956309
