,min,mean,std,max
frequency,1.0,5.0,5.503245795502349,16.0
support,9.428625306430322e-05,0.00047143126532151613,0.0005188804257497973,0.0015085800490288515
