,min,mean,std,max
frequency,1.0,11.1875,17.37898635325624,61.0
support,9.428625306430322e-05,0.0010607203469734114,0.0016566857557744799,0.0058457476899867996
