,min,mean,std,max
frequency,1.0,2.0,1.4142135623730951,3.0
support,9.386146048432514e-05,0.00018772292096865028,0.00013274015040107894,0.0002815843814529754
