,min,mean,std,max
frequency,1.0,10.346153846153847,27.2674785159058,130.0
support,9.428625306430322e-05,0.0009755000797806758,0.0025709483797761463,0.01225721289835942
