,min,mean,std,max
frequency,1.0,5.0,5.503245795502349,16.0
support,9.39584703561026e-05,0.000469792351780513,0.0005170765569390538,0.0015033355256976416
