,min,mean,std,max
frequency,1.0,13.529411764705882,37.52019064293721,158.0
support,9.386146048432514e-05,0.0012698903477291047,0.003521699891396397,0.014830110756523372
