,min,mean,std,max
frequency,4.0,11.0,9.899494936611665,18.0
support,0.00037541060534960113,0.001032379164711403,0.0009290938467021742,0.0016893477240732052
