,min,mean,std,max
frequency,1.0,1.6,1.2649110640673518,5.0
support,9.386146048432514e-05,0.00015017833677492023,0.0001187263998561434,0.0004693073024216257
