,min,mean,std,max
frequency,1.0,3.6,5.272570530585628,13.0
support,9.39584703561026e-05,0.0003382504932819694,0.0004954026618984897,0.0012214601146293338
