,min,mean,std,max
frequency,1.0,12.76923076923077,14.248706643960393,39.0
support,9.385265133740028e-05,0.0012056455979496806,0.0013316090286314705,0.003660253402158611
