,min,mean,std,max
frequency,1.0,4.333333333333333,5.773502691896258,11.0
support,9.386146048432514e-05,0.0004067329954320756,0.0005419093947715654,0.0010324760653275765
