,min,mean,std,max
frequency,1.0,1.6,0.8944271909999159,3.0
support,8.796622097114708e-05,0.00014074595355383532,7.867937992610098e-05,0.00026389866291344125
