,min,mean,std,max
frequency,1.0,4.333333333333333,5.773502691896258,11.0
support,9.39584703561026e-05,0.0004071533715431113,0.0005424694815274131,0.0010335431739171286
