,min,mean,std,max
frequency,1.0,12.846153846153847,14.188294200068318,39.0
support,9.39584703561026e-05,0.0012070049653437795,0.0013331104200007815,0.0036643803438880015
