,min,mean,std,max
frequency,1.0,4.4,4.774934554525329,11.0
support,8.796622097114708e-05,0.00038705137227304715,0.0004200329481461408,0.0009676284306826178
