,min,mean,std,max
frequency,1.0,10.764705882352942,13.497821174937393,39.0
support,8.796622097114708e-05,0.0009469304963364656,0.0011873523201035706,0.003430682617874736
