,min,mean,std,max
frequency,1.0,1.6,1.2649110640673518,5.0
support,9.428625306430322e-05,0.00015085800490288517,0.00011926372469049141,0.00047143126532151613
