,min,mean,std,max
frequency,1.0,3.6,5.272570530585628,13.0
support,9.385265133740028e-05,0.00033786954481464097,0.0004948447236589044,0.0012200844673862037
