,min,mean,std,max
frequency,1.0,1.6,1.2649110640673518,5.0
support,9.385265133740028e-05,0.00015016424213984043,0.00011871525706873315,0.0004692632566870014
