,min,mean,std,max
frequency,1.0,8.444444444444445,10.489412651706376,33.0
support,9.385265133740028e-05,0.0007925335001824912,0.000984459188334714,0.0030971374941342095
