,min,mean,std,max
frequency,1.0,1.5384615384615385,1.1266014242982163,5.0
support,8.796622097114708e-05,0.00013533264764791858,9.91028698362259e-05,0.0004398311048557354
