,min,mean,std,max
frequency,1.0,3.6,5.272570530585628,13.0
support,9.386146048432514e-05,0.0003379012577435705,0.00049489117050738,0.0012201989862962268
