,min,mean,std,max
frequency,1.0,8.444444444444445,10.489412651706376,33.0
support,9.428625306430322e-05,0.0007961950258763384,0.0009890074157746912,0.0031114463511220064
