,min,mean,std,max
frequency,1.0,2.0,1.0,3.0
support,9.39584703561026e-05,0.0001879169407122052,9.39584703561026e-05,0.0002818754110683078
