,min,mean,std,max
frequency,1.0,8.444444444444445,10.489412651706376,33.0
support,9.39584703561026e-05,0.0007934270830070887,0.000985569167688281,0.0031006295217513857
