,min,mean,std,max
frequency,1.0,3.6666666666666665,4.633213427705082,13.0
support,8.796622097114708e-05,0.0003225428102275393,0.000407566276187991,0.001143560872624912
