,min,mean,std,max
frequency,1.0,6.333333333333333,6.8068592855540455,14.0
support,9.39584703561026e-05,0.0005950703122553165,0.0006395620863998916,0.0013154185849854364
