,min,mean,std,max
frequency,1.0,1.6666666666666667,0.5773502691896257,2.0
support,9.385265133740028e-05,0.00018770530267480054,9.385265133740027e-05,0.0002815579540122008
