,min,mean,std,max
frequency,1.0,12.846153846153847,14.188294200068318,39.0
support,9.386146048432514e-05,0.0012057587616063304,0.0013317340153996922,0.00366059695888868
