,min,mean,std,max
frequency,1.0,6.333333333333333,6.8068592855540455,14.0
support,9.385265133740028e-05,0.0005944001251368683,0.0006388417912298493,0.001313937118723604
