,min,mean,std,max
frequency,1.0,4.333333333333333,5.773502691896258,11.0
support,9.428625306430322e-05,0.00040857376327864734,0.0005443619358755664,0.0010371487837073355
