,min,mean,std,max
frequency,1.0,1.5,0.7071067811865476,2.0
support,9.386146048432514e-05,0.0001407921907264877,6.637007520053947e-05,0.00018772292096865028
