,min,mean,std,max
frequency,1.0,5.666666666666667,6.429100507328637,13.0
support,9.386146048432514e-05,0.0005318816094111758,0.0006034447632183816,0.0012201989862962268
