,min,mean,std,max
frequency,1.0,1.0,0.0,1.0
support,9.39584703561026e-05,9.39584703561026e-05,0.0,9.39584703561026e-05
