,min,mean,std,max
frequency,1.0,1.6,1.2649110640673518,5.0
support,9.39584703561026e-05,0.0001503335525697642,0.00011884910871627844,0.000469792351780513
