,min,mean,std,max
frequency,1.0,2.0,1.0,3.0
support,9.428625306430322e-05,0.00018857250612860647,9.428625306430323e-05,0.0002828587591929097
