,min,mean,std,max
frequency,1.0,5.666666666666667,6.429100507328637,13.0
support,9.39584703561026e-05,0.0005324313320179148,0.0006040684494342419,0.0012214601146293338
