,min,mean,std,max
frequency,1.0,6.333333333333333,6.8068592855540455,14.0
support,9.428625306430322e-05,0.0005971462694072538,0.000641793257170851,0.0013200075429002452
