,min,mean,std,max
frequency,9.0,15.5,11.704699910719626,33.0
support,0.0008485762775787291,0.0014614369224967,0.0011035922978238379,0.0031114463511220064
