,min,mean,std,max
frequency,1.0,12.846153846153847,14.188294200068318,39.0
support,9.428625306430322e-05,0.0012112157124414338,0.0013377610974984271,0.0036771638695078258
