,min,mean,std,max
frequency,1.0,1.6666666666666667,1.1547005383792517,3.0
support,8.796622097114708e-05,0.00014661036828524514,0.00010157464271457175,0.00026389866291344125
