,min,mean,std,max
frequency,4.0,11.0,9.899494936611665,18.0
support,0.0003771450122572129,0.0010371487837073355,0.0009333862848021561,0.0016971525551574581
