,min,mean,std,max
frequency,1.0,22.5,30.405591591021544,44.0
support,9.386146048432514e-05,0.0021118828608973155,0.002853913233623197,0.004129904261310306
