,min,mean,std,max
frequency,1.0,4.375,4.749060057376767,15.0
support,9.428625306430322e-05,0.0004125023571563266,0.0004477710783874003,0.0014142937959645485
