,min,mean,std,max
frequency,1.0,2.0,1.0954451150103321,4.0
support,8.796622097114708e-05,0.00017593244194229416,9.63621670487625e-05,0.0003518648838845883
