,min,mean,std,max
frequency,1.0,5.5,5.802298395176403,14.0
support,8.796622097114708e-05,0.0004838142153413089,0.0005104062627706195,0.0012315270935960591
