,min,mean,std,max
frequency,1.0,2.2,1.6431676725154984,4.0
support,9.385265133740028e-05,0.00020647583294228062,0.0001542156426574846,0.00037541060534960113
