,min,mean,std,max
frequency,1.0,2.0,1.0954451150103321,4.0
support,9.386146048432514e-05,0.00018772292096865028,0.00010282007837528931,0.00037544584193730055
