,min,mean,std,max
frequency,1.0,6.333333333333333,6.8068592855540455,14.0
support,9.386146048432514e-05,0.0005944559164007258,0.0006389017538533927,0.001314060446780552
