,min,mean,std,max
frequency,1.0,2.2,1.6431676725154984,4.0
support,9.386146048432514e-05,0.0002064952130655153,0.00015423011756293396,0.00037544584193730055
