,min,mean,std,max
frequency,1.0,5.125,4.703721930556695,15.0
support,9.39584703561026e-05,0.0004815371605750259,0.0004419545175755609,0.0014093770553415391
