,min,mean,std,max
frequency,1.0,2.2,1.6431676725154984,4.0
support,8.796622097114708e-05,0.00019352568613652358,0.00014454325057314377,0.0003518648838845883
