,min,mean,std,max
frequency,1.0,2.0,1.0954451150103321,4.0
support,9.428625306430322e-05,0.00018857250612860647,0.00010328541533191893,0.0003771450122572129
