,min,mean,std,max
frequency,1.0,2.0,1.0954451150103321,4.0
support,9.39584703561026e-05,0.0001879169407122052,0.0001029263473654357,0.0003758338814244104
