,min,mean,std,max
frequency,2.0,2.0,0.0,2.0
support,0.00018770530267480057,0.0002346316283435007,6.636384619301242e-05,0.0002815579540122008
