,min,mean,std,max
frequency,1.0,2.0,1.0954451150103321,4.0
support,9.385265133740028e-05,0.00018770530267480054,0.00010281042843832305,0.00037541060534960113
