,min,mean,std,max
frequency,2.0,6.125,4.54933276112317,15.0
support,0.00017593244194229416,0.0005387931034482759,0.0004001876109362395,0.0013194933145672062
