,min,mean,std,max
frequency,1.0,4.875,4.85320218294802,15.0
support,9.385265133740028e-05,0.00048099483810417644,0.0004414567743366209,0.0014077897700610043
