,min,mean,std,max
frequency,2.0,2.5,0.7071067811865476,3.0
support,0.00018772292096865028,0.00023465365121081285,6.637007520053947e-05,0.0002815843814529754
