,min,mean,std,max
frequency,2.0,2.3333333333333335,0.5773502691896258,3.0
support,0.00018857250612860644,0.00022000125715004087,5.4436193587556655e-05,0.0002828587591929097
