,min,mean,std,max
frequency,3.0,14.0,13.114877048604,33.0
support,0.0002828587591929097,0.0013200075429002452,0.001236552616311899,0.0031114463511220064
