,min,mean,std,max
frequency,2.0,10.0,11.313708498984761,18.0
support,0.00017593244194229416,0.0008796622097114708,0.0009952241818248382,0.0015833919774806474
