,min,mean,std,max
frequency,2.0,7.0,5.033222956847166,14.0
support,0.0001879169407122052,0.0006577092924927183,0.0004729139299865796,0.0013154185849854364
