,min,mean,std,max
frequency,2.0,7.5,7.7781745930520225,13.0
support,0.0001879169407122052,0.0007046885276707695,0.0007308253869258689,0.0012214601146293338
