,min,mean,std,max
frequency,2.0,6.5,5.196152422706632,14.0
support,0.00018770530267480057,0.000656968559361802,0.000472381319272376,0.001313937118723604
