,min,mean,std,max
frequency,1.0,1.5,0.7071067811865476,2.0
support,9.385265133740028e-05,0.0001407789770061004,6.636384619301244e-05,0.00018770530267480057
