,min,mean,std,max
frequency,2.0,3.6666666666666665,2.081665999466133,6.0
support,0.00017593244194229416,0.0003225428102275393,0.0001831162912971616,0.0005277973258268825
