,min,mean,std,max
frequency,2.0,7.0,5.033222956847166,14.0
support,0.00018857250612860644,0.0006600037714501227,0.0004745637334383525,0.0013200075429002452
