,min,mean,std,max
frequency,1.0,1.3333333333333333,0.5773502691896257,2.0
support,9.386146048432514e-05,0.00012514861397910017,5.419093947715654e-05,0.00018772292096865028
