,min,mean,std,max
frequency,2.0,7.5,7.7781745930520225,13.0
support,0.00018857250612860644,0.0007071468979822741,0.0007333749380588367,0.0012257212898359419
