,min,mean,std,max
frequency,1.0,11.5,14.849242404917497,22.0
support,9.386146048432514e-05,0.0010794067955697392,0.0013937715792113289,0.002064952130655153
