,min,mean,std,max
frequency,1.0,1.5,0.7071067811865476,2.0
support,9.428625306430322e-05,0.00014142937959645485,6.66704489144397e-05,0.00018857250612860644
