,min,mean,std,max
frequency,1.0,10.0,12.727922061357855,19.0
support,8.796622097114708e-05,0.0008796622097114708,0.001119627204552943,0.0016713581984517945
