,min,mean,std,max
frequency,1.0,10.0,12.727922061357855,19.0
support,9.385265133740028e-05,0.0009385265133740028,0.0011945492314742237,0.0017832003754106054
