,min,mean,std,max
frequency,1.0,10.0,12.727922061357855,19.0
support,9.39584703561026e-05,0.0009395847035610261,0.0011958960876968763,0.0017852109367659495
