,min,mean,std,max
frequency,1.0,10.0,12.727922061357855,19.0
support,9.386146048432514e-05,0.0009386146048432514,0.0011946613536097106,0.0017833677492021776
