,min,mean,std,max
frequency,1.0,10.0,12.727922061357855,19.0
support,9.428625306430322e-05,0.0009428625306430323,0.0012000680804599147,0.0017914388082217612
