,min,mean,std,max
frequency,1.0,1.5,0.7071067811865476,2.0
support,9.39584703561026e-05,0.0001409377055341539,6.643867153871536e-05,0.0001879169407122052
