,min,mean,std,max
frequency,1.0,3.6,4.33589667773576,11.0
support,9.428625306430322e-05,0.00033943051103149164,0.0004088154514176655,0.0010371487837073355
