,min,mean,std,max
frequency,1.0,5.666666666666667,8.082903768654761,15.0
support,9.428625306430322e-05,0.000534288767364385,0.0007621067102257931,0.0014142937959645485
