,min,mean,std,max
frequency,1.0,5.666666666666667,8.082903768654761,15.0
support,8.796622097114708e-05,0.0004984752521698335,0.0007110224990020021,0.0013194933145672062
