,min,mean,std,max
frequency,2.0,4.333333333333333,2.516611478423583,7.0
support,0.0001879169407122052,0.00040715337154311127,0.00023645696499328983,0.0006577092924927182
