,min,mean,std,max
frequency,3.0,4.0,1.4142135623730951,5.0
support,0.00026389866291344125,0.0003518648838845883,0.00012440302272810475,0.0004398311048557354
