,min,mean,std,max
frequency,1.0,5.666666666666667,8.082903768654761,15.0
support,9.385265133740028e-05,0.000531831690911935,0.0007586019491933141,0.0014077897700610043
