,min,mean,std,max
frequency,1.0,50.666666666666664,71.80761333823409,133.0
support,9.386146048432514e-05,0.004755647331205807,0.006739967461820357,0.012483574244415242
