,min,mean,std,max
frequency,1.0,50.666666666666664,71.80761333823409,133.0
support,9.39584703561026e-05,0.004760562498042532,0.006746933509182945,0.012496476557361646
