,min,mean,std,max
frequency,1.0,3.6,4.33589667773576,11.0
support,8.796622097114708e-05,0.0003166783954961295,0.00038141244526176634,0.0009676284306826178
