,min,mean,std,max
frequency,2.0,4.333333333333333,2.516611478423583,7.0
support,0.00018772292096865028,0.0004067329954320756,0.00023621282883645422,0.000657030223390276
