,min,mean,std,max
frequency,2.0,2.5,0.7071067811865476,3.0
support,0.0001879169407122052,0.00023489617589025652,6.643867153871536e-05,0.0002818754110683078
