,min,mean,std,max
frequency,1.0,5.666666666666667,8.082903768654761,15.0
support,9.39584703561026e-05,0.0005324313320179149,0.0007594572741383784,0.0014093770553415391
