,min,mean,std,max
frequency,2.0,2.5,0.7071067811865476,3.0
support,0.00017593244194229416,0.00021991555242786772,6.220151136405239e-05,0.00026389866291344125
