,min,mean,std,max
frequency,1.0,3.6,4.33589667773576,11.0
support,9.39584703561026e-05,0.0003382504932819694,0.0004073942194621591,0.0010335431739171286
