,min,mean,std,max
frequency,2.0,2.5,0.7071067811865476,3.0
support,0.00018857250612860644,0.00023571563266075807,6.667044891443973e-05,0.0002828587591929097
