,min,mean,std,max
frequency,3.0,4.0,1.4142135623730951,5.0
support,0.0002818754110683078,0.0003758338814244104,0.0001328773430774307,0.000469792351780513
