,min,mean,std,max
frequency,2.0,4.333333333333333,2.516611478423583,7.0
support,0.00018857250612860644,0.0004085737632786473,0.00023728186671917624,0.0006600037714501226
