,min,mean,std,max
frequency,2.0,2.0,0.0,2.0
support,0.00018770530267480057,0.00021898951978726732,5.418585351380813e-05,0.0002815579540122008
