,min,mean,std,max
frequency,1.0,1.3333333333333333,0.5773502691896257,2.0
support,9.428625306430322e-05,0.00012571500408573762,5.443619358755664e-05,0.00018857250612860644
