,min,mean,std,max
frequency,1.0,1.3333333333333333,0.5773502691896257,2.0
support,9.385265133740028e-05,0.00012513686844986704,5.418585351380814e-05,0.00018770530267480057
