,min,mean,std,max
frequency,2.0,2.3333333333333335,0.5773502691896258,3.0
support,0.00017593244194229416,0.00020525451559934318,5.078732135728588e-05,0.00026389866291344125
