,min,mean,std,max
frequency,1.0,5.666666666666667,6.429100507328637,13.0
support,9.428625306430322e-05,0.000534288767364385,0.0006061757974098281,0.0012257212898359419
