,min,mean,std,max
frequency,1.0,5.666666666666667,6.429100507328637,13.0
support,8.796622097114708e-05,0.0004984752521698335,0.0005655436758733847,0.001143560872624912
