,min,mean,std,max
frequency,1.0,5.333333333333333,6.658328118479393,13.0
support,9.385265133740028e-05,0.000531831690911935,0.0006033881283274178,0.0012200844673862037
