,min,mean,std,max
frequency,1.0,6.375,7.52021086330506,21.0
support,9.39584703561026e-05,0.0005989852485201541,0.0007065875094714893,0.0019731278774781547
