,min,mean,std,max
frequency,1.0,4.875,5.566160513059505,16.0
support,9.385265133740028e-05,0.0004692632566870014,0.000516494208869296,0.0015016424213984045
