,min,mean,std,max
frequency,1.0,2.0,1.0,3.0
support,9.386146048432514e-05,0.00018772292096865028,9.386146048432514e-05,0.0002815843814529754
