,min,mean,std,max
frequency,1.0,2.4,2.1908902300206643,6.0
support,9.39584703561026e-05,0.00022550032885464627,0.00020585269473087143,0.0005637508221366156
