,min,mean,std,max
frequency,1.0,2.4,2.1908902300206643,6.0
support,9.428625306430322e-05,0.00022628700735432774,0.00020657083066383787,0.0005657175183858194
