,min,mean,std,max
frequency,3.0,4.0,1.4142135623730951,5.0
support,0.0002815843814529754,0.00037544584193730055,0.00013274015040107894,0.0004693073024216257
