,min,mean,std,max
frequency,1.0,4.0,4.242640687119285,7.0
support,8.796622097114708e-05,0.0003518648838845883,0.0003732090681843143,0.0006157635467980296
