,min,mean,std,max
frequency,1.0,4.0,4.242640687119285,7.0
support,9.385265133740028e-05,0.00037541060534960113,0.0003981830771580746,0.000656968559361802
