,min,mean,std,max
frequency,2.0,7.0,5.033222956847166,14.0
support,0.00018772292096865028,0.000657030223390276,0.00047242565767290843,0.001314060446780552
