,min,mean,std,max
frequency,2.0,3.5,2.1213203435596424,5.0
support,0.0002815579540122008,0.00037541060534960113,0.0001327276923860249,0.0004692632566870014
