,min,mean,std,max
frequency,1.0,4.0,4.242640687119285,7.0
support,9.428625306430322e-05,0.0003771450122572129,0.00040002269348663827,0.0006600037714501226
