,min,mean,std,max
frequency,1.0,5.0,5.503245795502349,16.0
support,9.386146048432514e-05,0.00046930730242162574,0.0005165426877700723,0.0015017833677492022
