,min,mean,std,max
frequency,1.0,4.0,4.242640687119285,7.0
support,9.386146048432514e-05,0.00037544584193730055,0.0003982204512032368,0.000657030223390276
