,min,mean,std,max
frequency,2.0,7.0,5.033222956847166,14.0
support,0.00017593244194229416,0.0006157635467980296,0.00044275360281906815,0.0012315270935960591
