,min,mean,std,max
frequency,1.0,2.6666666666666665,2.081665999466133,5.0
support,9.385265133740028e-05,0.0002815579540122009,0.0002483107753228147,0.0005631159080244016
