,min,mean,std,max
frequency,1.0,2.4,2.1908902300206643,6.0
support,9.386146048432514e-05,0.00022526750516238032,0.0002056401567505786,0.0005631687629059508
