,min,mean,std,max
frequency,1.0,6.375,7.52021086330506,21.0
support,9.428625306430322e-05,0.0006010748632849332,0.000709052504554503,0.0019800113143503676
