,min,mean,std,max
frequency,1.0,1.75,0.9574271077563381,3.0
support,8.796622097114708e-05,0.0001539408866995074,8.422124452466029e-05,0.00026389866291344125
