,min,mean,std,max
frequency,1.0,3.0,2.6457513110645907,6.0
support,9.386146048432514e-05,0.0002815843814529754,0.0002483340821348405,0.0005631687629059508
