,min,mean,std,max
frequency,1.0,6.25,7.245688373094719,20.0
support,9.386146048432514e-05,0.0005983668105875727,0.0007058579747799004,0.0019710906701708277
