,min,mean,std,max
frequency,1.0,6.125,7.605214376615936,21.0
support,9.385265133740028e-05,0.0005983106522759267,0.0007057917281374996,0.0019709056780854058
