,min,mean,std,max
frequency,1.0,3.0,2.6457513110645907,6.0
support,9.39584703561026e-05,0.0002818754110683078,0.00024859074613028194,0.0005637508221366156
