,min,mean,std,max
frequency,1.0,5.0,5.503245795502349,16.0
support,8.796622097114708e-05,0.0004398311048557354,0.00048409973570569573,0.0014074595355383533
