,min,mean,std,max
frequency,3.0,4.0,1.4142135623730951,5.0
support,0.0002828587591929097,0.0003771450122572129,0.0001333408978288794,0.00047143126532151613
