,min,mean,std,max
frequency,1.0,8.444444444444445,10.489412651706376,33.0
support,9.386146048432514e-05,0.0007926078885343011,0.000984551591111918,0.0030974281959827293
