,min,mean,std,max
frequency,1.0,10.470588235294118,15.268913055039413,56.0
support,9.385265133740028e-05,0.0010102961879261323,0.0014427572706671896,0.005349601126231816
