,min,mean,std,max
frequency,1.0,5.25,4.425306015783918,10.0
support,9.386146048432514e-05,0.0004927726675427069,0.0004153656857315485,0.0009386146048432514
