,min,mean,std,max
frequency,1.0,5.125,4.703721930556695,15.0
support,9.428625306430322e-05,0.00048321704695455405,0.00044349631628858146,0.0014142937959645485
