,min,mean,std,max
frequency,2.0,7.5,7.7781745930520225,13.0
support,0.00018772292096865028,0.0007039609536324385,0.0007300708272059342,0.0012201989862962268
