,min,mean,std,max
frequency,2.0,7.5,7.7781745930520225,13.0
support,0.00017593244194229416,0.0006597466572836031,0.0006842166250045763,0.001143560872624912
