,min,mean,std,max
frequency,1.0,5.25,4.425306015783918,10.0
support,8.796622097114708e-05,0.00046182266009852215,0.00038927744684939456,0.0008796622097114708
