,min,mean,std,max
frequency,1.0,8.458333333333334,19.728547328937957,79.0
support,9.39584703561026e-05,0.0007947320617620346,0.0018536641293749837,0.007422719158132106
