,min,mean,std,max
frequency,1.0,10.764705882352942,15.372578718958907,57.0
support,9.39584703561026e-05,0.0010114352985392222,0.0014443839818621541,0.005355632810297849
