,min,mean,std,max
frequency,1.0,10.764705882352942,15.372578718958907,57.0
support,9.386146048432514e-05,0.001010391015801853,0.0014428926899717387,0.005350103247606533
