,min,mean,std,max
frequency,1.0,6.382352941176471,13.197829724898535,75.0
support,8.796622097114708e-05,0.0005614314691393798,0.001160963205919998,0.006597466572836031
