,min,mean,std,max
frequency,1.0,10.764705882352942,15.372578718958907,57.0
support,8.796622097114708e-05,0.0009469304963364656,0.0013522676564882922,0.005014074595355383
