,min,mean,std,max
frequency,1.0,2.25,1.8929694486000912,5.0
support,9.428625306430322e-05,0.00021214406939468224,0.00017848099647370272,0.00047143126532151613
