,min,mean,std,max
frequency,1.0,10.764705882352942,15.372578718958907,57.0
support,9.428625306430322e-05,0.0010149637829863232,0.0014494228473466817,0.0053743164246652835
