,min,mean,std,max
frequency,1.0,5.25,4.425306015783918,10.0
support,9.39584703561026e-05,0.0004932819693695387,0.0004157949841007158,0.000939584703561026
