,min,mean,std,max
frequency,1.0,5.25,4.425306015783918,10.0
support,9.385265133740028e-05,0.0004927264195213514,0.00041532670256066805,0.0009385265133740028
