,min,mean,std,max
frequency,1.0,8.458333333333334,19.728547328937957,79.0
support,9.386146048432514e-05,0.0007939115199299167,0.0018517502655282481,0.007415055378261686
