,min,mean,std,max
frequency,4.0,134.0,183.84776310850236,264.0
support,0.0003758338814244104,0.012590435027717749,0.01727405460006599,0.024805036174011086
