,min,mean,std,max
frequency,1.0,44.25,92.35761241732362,264.0
support,8.796622097114708e-05,0.0038925052779732587,0.008124350142269848,0.02322308233638283
