,min,mean,std,max
frequency,1.0,3.6,4.33589667773576,11.0
support,9.386146048432514e-05,0.0003379012577435705,0.0004069735946814117,0.0010324760653275765
