,min,mean,std,max
frequency,4.0,134.0,183.84776310850236,264.0
support,0.00037544584193730055,0.012577435704899567,0.01725621955214026,0.024779425567861835
