,min,mean,std,max
frequency,1.0,3.8,4.764451699828639,12.0
support,8.796622097114708e-05,0.00033427163969035887,0.00041911081103348336,0.001055594651653765
