,min,mean,std,max
frequency,1.0,3.6,4.33589667773576,11.0
support,9.385265133740028e-05,0.00033786954481464097,0.00040693539913052646,0.001032379164711403
