,min,mean,std,max
frequency,1.0,11.1875,17.527953864232604,62.0
support,9.386146048432514e-05,0.0010559414304486577,0.0016492218064336525,0.005819410550028158
