,min,mean,std,max
frequency,4.0,134.0,183.84776310850236,264.0
support,0.0003518648838845883,0.011787473610133709,0.01617239295465362,0.02322308233638283
