,min,mean,std,max
frequency,1.0,6.59375,13.590460067220302,75.0
support,9.39584703561026e-05,0.0006195386639105515,0.0012769388393517147,0.007046885276707695
