,min,mean,std,max
frequency,1.0,6.5625,13.552615507597572,75.0
support,9.386146048432514e-05,0.0006188990050685189,0.0012756204305631974,0.007039609536324386
