,min,mean,std,max
frequency,1.0,2.25,1.8929694486000912,5.0
support,9.385265133740028e-05,0.00021116846550915064,0.0001776602016518152,0.0004692632566870014
