,min,mean,std,max
frequency,1.0,5.956521739130435,16.139951168309487,79.0
support,9.428625306430322e-05,0.0005616181160786757,0.0015217755203007256,0.007448613992079954
