,min,mean,std,max
frequency,1.0,3.8,4.764451699828639,12.0
support,9.428625306430322e-05,0.0003582877616443523,0.0004492222986826927,0.0011314350367716388
