,min,mean,std,max
frequency,1.0,6.375,7.52021086330506,21.0
support,8.796622097114708e-05,0.0005607846586910627,0.0006615245305511136,0.0018472906403940886
