,min,mean,std,max
frequency,1.0,11.25,17.570809125744134,62.0
support,8.796622097114708e-05,0.0009896199859254046,0.0015456376781970561,0.005453905700211119
