,min,mean,std,max
frequency,2.0,7.5,7.7781745930520225,13.0
support,0.00018770530267480057,0.0007038948850305022,0.0007300023081231369,0.0012200844673862037
