,min,mean,std,max
frequency,1.0,2.25,1.8929694486000912,5.0
support,9.386146048432514e-05,0.00021118828608973156,0.0001776768770978122,0.0004693073024216257
