,min,mean,std,max
frequency,1.0,10.666666666666666,12.970662868107212,44.0
support,8.796622097114708e-05,0.0009383063570255689,0.0011409801959981717,0.0038705137227304713
