,min,mean,std,max
frequency,1.0,5.125,4.703721930556695,15.0
support,9.386146048432514e-05,0.00048103998498216636,0.00044149821011420074,0.001407921907264877
