,min,mean,std,max
frequency,1.0,3.8,4.764451699828639,12.0
support,9.386146048432514e-05,0.0003566735498404355,0.00044719839495294144,0.0011263375258119017
