,min,mean,std,max
frequency,1.0,6.774193548387097,13.77608961793187,75.0
support,9.428625306430322e-05,0.0006387133272097964,0.001298895871952845,0.007071468979822742
