,min,mean,std,max
frequency,1.0,5.0,5.656854249492381,9.0
support,8.796622097114708e-05,0.0004398311048557354,0.0004976120909124191,0.0007916959887403237
