,min,mean,std,max
frequency,1.0,5.0,5.656854249492381,9.0
support,9.385265133740028e-05,0.00046926325668700144,0.0005309107695440996,0.0008446738620366026
