,min,mean,std,max
frequency,1.0,5.0,5.656854249492381,9.0
support,9.386146048432514e-05,0.0004693073024216257,0.0005309606016043158,0.0008447531443589262
