,min,mean,std,max
frequency,1.0,5.0,5.656854249492381,9.0
support,9.39584703561026e-05,0.000469792351780513,0.0005315093723097229,0.0008456262332049234
