,min,mean,std,max
frequency,1.0,1.4,0.5477225575051661,2.0
support,9.39584703561026e-05,0.00013154185849854365,5.146317368271785e-05,0.0001879169407122052
