,min,mean,std,max
frequency,1.0,3.0,2.8284271247461903,5.0
support,9.39584703561026e-05,0.0002818754110683078,0.00026575468615486143,0.000469792351780513
