,min,mean,std,max
frequency,3.0,24.333333333333332,34.38507428134093,64.0
support,0.00026389866291344125,0.0021405113769645792,0.0030247250423417423,0.005629838142153413
