Year,0
2009,0.0
2010,0.0
2011,0.0
2012,0.0
2013,0.0
2014,0.0
2015,0.0
2016,0.017191977077363897
2017,0.02127659574468085
2018,0.037142857142857144
2019,0.0
2020,0.014925373134328358
2021,0.07969151670951156
2022,0.014669926650366748
2023,0.019559902200488997
2024,0.00468384074941452
