Year,Proportion
2009,0.0
2010,0.0
2011,0.0
2012,0.0
2013,0.0
2014,0.0
2015,0.0
2016,0.017191977077363897
2017,0.02127659574468085
2018,0.037037037037037035
2019,0.0
2020,0.015151515151515152
2021,0.07969151670951156
2022,0.014184397163120567
2023,0.0196319018404908
2024,0.004739336492890996
