Year,Proportion
2009,0.009811320754716982
2010,0.0077986529599432825
2011,0.0121166224914805
2012,0.0034755134281200632
2013,0.012285012285012284
2014,0.01020408163265306
2015,0.006956521739130435
2016,0.015759312320916905
2017,0.017287234042553192
2018,0.011396011396011397
2019,0.020569620253164556
2020,0.00946969696969697
2021,0.037275064267352186
2022,0.04728132387706856
2023,0.05644171779141104
2024,0.030805687203791468
