Year,Proportion
2009,0.01010886469673406
2010,0.007997091966557615
2011,0.01249024199843872
2012,0.0036642238507661557
2013,0.013888888888888888
2014,0.010638297872340425
2015,0.007194244604316547
2016,0.016152716593245228
2017,0.01740294511378849
2018,0.011560693641618497
2019,0.02073365231259968
2020,0.009615384615384616
2021,0.037467700258397935
2022,0.04938271604938271
2023,0.05714285714285714
2024,0.03178484107579462
