Year,Proportion
2009,0.062264150943396226
2010,0.034384969868840834
2011,0.03862173419159409
2012,0.057187993680884674
2013,0.06388206388206388
2014,0.1717687074829932
2015,0.17217391304347826
2016,0.12320916905444126
2017,0.13962765957446807
2018,0.1168091168091168
2019,0.2199367088607595
2020,0.17613636363636365
2021,0.10154241645244216
2022,0.09810874704491726
2023,0.06748466257668712
2024,0.0971563981042654
