Year,Proportion
2009,0.062264150943396226
2010,0.03464285714285714
2011,0.03875379939209726
2012,0.0573510773130545
2013,0.06753246753246753
2014,0.17504332755632582
2015,0.17217391304347826
2016,0.12320916905444126
2017,0.13981358189081225
2018,0.11731044349070101
2019,0.2199367088607595
2020,0.17613636363636365
2021,0.10154241645244216
2022,0.09810874704491726
2023,0.06756756756756757
2024,0.0971563981042654
