Year,Proportion
2009,0.01166407465007776
2010,0.016357688113413305
2011,0.02185792349726776
2012,0.03697534976682212
2013,0.013888888888888888
2014,0.0
2015,0.0
2016,0.01908957415565345
2017,0.006693440428380187
2018,0.02167630057803468
2019,0.01594896331738437
2020,0.023076923076923078
2021,0.002583979328165375
2022,0.007407407407407408
2023,0.006211180124223602
2024,0.0
