Year,0
2009,0.011320754716981131
2010,0.015951790145338533
2011,0.021204089360090876
2012,0.035071090047393366
2013,0.012285012285012284
2014,0.0
2015,0.0
2016,0.01862464183381089
2017,0.006648936170212766
2018,0.02142857142857143
2019,0.015822784810126583
2020,0.022388059701492536
2021,0.002570694087403599
2022,0.007334963325183374
2023,0.006112469437652812
2024,0.0
