Year,Proportion
2009,0.0
2010,0.0003635041802980734
2011,0.00819672131147541
2012,0.0006662225183211193
2013,0.0
2014,0.0
2015,0.0
2016,0.0014684287812041115
2017,0.0
2018,0.0
2019,0.0
2020,0.0
2021,0.0
2022,0.02345679012345679
2023,0.02236024844720497
2024,0.044009779951100246
