Year,0
2009,0.0026415094339622643
2010,0.004608294930875576
2011,0.004543733434305188
2012,0.001579778830963665
2013,0.0
2014,0.00510204081632653
2015,0.0
2016,0.0
2017,0.0
2018,0.0014285714285714286
2019,0.0031645569620253164
2020,0.0
2021,0.0012853470437017994
2022,0.0
2023,0.0
2024,0.0
