Year,Proportion
2009,0.649433962264151
2010,0.6643034384969869
2011,0.60431654676259
2012,0.6714060031595577
2013,0.3194103194103194
2014,0.20408163265306123
2015,0.2747826086956522
2016,0.25787965616045844
2017,0.14361702127659576
2018,0.08547008547008547
2019,0.0981012658227848
2020,0.08901515151515152
2021,0.17866323907455012
2022,0.15130023640661938
2023,0.22699386503067484
2024,0.1848341232227488
