Year,Proportion
2009,0.6388024883359253
2010,0.663395129043984
2011,0.5987509758001561
2012,0.676215856095936
2013,0.30277777777777776
2014,0.19680851063829788
2015,0.2607913669064748
2016,0.24522760646108663
2017,0.1392235609103079
2018,0.08092485549132948
2019,0.09409888357256778
2020,0.08653846153846154
2021,0.17700258397932817
2022,0.15185185185185185
2023,0.22236024844720498
2024,0.17114914425427874
