Year,Proportion
2009,0.2739622641509434
2010,0.21821428571428572
2011,0.17819148936170212
2012,0.26869455006337134
2013,0.2675324675324675
2014,0.14731369150779897
2015,0.2382608695652174
2016,0.22922636103151864
2017,0.11051930758988016
2018,0.058655221745350504
2019,0.08386075949367089
2020,0.06439393939393939
2021,0.11311053984575835
2022,0.0933806146572104
2023,0.14987714987714987
2024,0.0995260663507109
