Year,Proportion
2009,0.004150943396226415
2010,0.0064285714285714285
2011,0.02621580547112462
2012,0.012357414448669201
2013,0.012987012987012988
2014,0.019064124783362217
2015,0.0034782608695652175
2016,0.02005730659025788
2017,0.02130492676431425
2018,0.020028612303290415
2019,0.004746835443037975
2020,0.001893939393939394
2021,0.0038560411311053984
2022,0.0070921985815602835
2023,0.006142506142506142
2024,0.0071090047393364926
