Year,Proportion
2009,0.0042768273716951785
2010,0.006543075245365322
2011,0.026932084309133488
2012,0.012991339107261825
2013,0.013888888888888888
2014,0.01950354609929078
2015,0.0035971223021582736
2016,0.020558002936857563
2017,0.0214190093708166
2018,0.02023121387283237
2019,0.004784688995215311
2020,0.0019230769230769232
2021,0.003875968992248062
2022,0.007407407407407408
2023,0.006211180124223602
2024,0.007334963325183374
