Year,Proportion
2009,0.0
2010,0.0
2011,0.0
2012,0.0
2013,0.0
2014,0.0
2015,0.0
2016,0.0
2017,0.0
2018,0.0
2019,0.007974481658692184
2020,0.0038461538461538464
2021,0.002583979328165375
2022,0.014814814814814815
2023,0.0
2024,0.0
