Year,Proportion
2009,0.011320754716981131
2010,0.004608294930875576
2011,0.010223400227186671
2012,0.00315955766192733
2013,0.03931203931203931
2014,0.01020408163265306
2015,0.017391304347826087
2016,0.04011461318051576
2017,0.04920212765957447
2018,0.04843304843304843
2019,0.04113924050632911
2020,0.03544776119402985
2021,0.011568123393316195
2022,0.019559902200488997
2023,0.014669926650366748
2024,0.0234192037470726
