Year,Proportion
2009,0.01166407465007776
2010,0.004725554343874954
2011,0.01053864168618267
2012,0.0033311125916055963
2013,0.044444444444444446
2014,0.010638297872340425
2015,0.017985611510791366
2016,0.041116005873715125
2017,0.049531459170013385
2018,0.049132947976878616
2019,0.04146730462519936
2020,0.03653846153846154
2021,0.011627906976744186
2022,0.019753086419753086
2023,0.014906832298136646
2024,0.02444987775061125
