Year,0
2009,0.017358490566037735
2010,0.02729528535980149
2011,0.03294206739871261
2012,0.010110584518167456
2013,0.056511056511056514
2014,0.05442176870748299
2015,0.022608695652173914
2016,0.02148997134670487
2017,0.03856382978723404
2018,0.02142857142857143
2019,0.030063291139240507
2020,0.03544776119402985
2021,0.038560411311053984
2022,0.012224938875305624
2023,0.009779951100244499
2024,0.01405152224824356
