Year,Proportion
2009,0.017884914463452566
2010,0.027989821882951654
2011,0.03395784543325527
2012,0.010659560293137908
2013,0.06388888888888888
2014,0.05673758865248227
2015,0.023381294964028777
2016,0.022026431718061675
2017,0.038821954484605084
2018,0.02167630057803468
2019,0.030303030303030304
2020,0.03653846153846154
2021,0.03875968992248062
2022,0.012345679012345678
2023,0.009937888198757764
2024,0.014669926650366748
