Year,Proportion
2009,0.024150943396226414
2010,0.03013115916341723
2011,0.03862173419159409
2012,0.025592417061611375
2013,0.06633906633906633
2014,0.09693877551020408
2015,0.036521739130434785
2016,0.0659025787965616
2017,0.05851063829787234
2018,0.05982905982905983
2019,0.0680379746835443
2020,0.09888059701492537
2021,0.09768637532133675
2022,0.06601466992665037
2023,0.05990220048899755
2024,0.08899297423887588
