Year,Proportion
2009,0.024150943396226414
2010,0.030357142857142857
2011,0.03875379939209726
2012,0.025665399239543727
2013,0.07012987012987013
2014,0.09878682842287695
2015,0.036521739130434785
2016,0.0659025787965616
2017,0.05858854860186418
2018,0.060085836909871244
2019,0.0680379746835443
2020,0.10037878787878787
2021,0.09768637532133675
2022,0.06382978723404255
2023,0.060196560196560195
2024,0.09004739336492891
