Year,Proportion
2009,0.05404354587869362
2010,0.04289349327517267
2011,0.0663544106167057
2012,0.057961359093937376
2013,0.11666666666666667
2014,0.07624113475177305
2015,0.08093525179856115
2016,0.08076358296622614
2017,0.060240963855421686
2018,0.07803468208092486
2019,0.05422647527910686
2020,0.06923076923076923
2021,0.04392764857881137
2022,0.08518518518518518
2023,0.07577639751552795
2024,0.07823960880195599
