Year,Proportion
2009,0.052452830188679245
2010,0.04182913860333215
2011,0.06436955698599016
2012,0.054976303317535544
2013,0.10319410319410319
2014,0.07312925170068027
2015,0.08
2016,0.07879656160458452
2017,0.0598404255319149
2018,0.07692307692307693
2019,0.05379746835443038
2020,0.06716417910447761
2021,0.043701799485861184
2022,0.0843520782396088
2023,0.07579462102689487
2024,0.08196721311475409
