Year,Proportion
2009,0.03169811320754717
2010,0.037575327897908545
2011,0.023097311624384703
2012,0.02622432859399684
2013,0.03194103194103194
2014,0.04251700680272109
2015,0.05217391304347826
2016,0.06303724928366762
2017,0.06515957446808511
2018,0.06125356125356125
2019,0.061708860759493674
2020,0.05970149253731343
2021,0.056555269922879174
2022,0.07823960880195599
2023,0.06845965770171149
2024,0.0936768149882904
