Year,Proportion
2009,0.03265940902021773
2010,0.03853144311159579
2011,0.023809523809523808
2012,0.02764823451032645
2013,0.03611111111111111
2014,0.044326241134751775
2015,0.0539568345323741
2016,0.06461086637298091
2017,0.06559571619812583
2018,0.06213872832369942
2019,0.06220095693779904
2020,0.06153846153846154
2021,0.056847545219638244
2022,0.07901234567901234
2023,0.06956521739130435
2024,0.097799511002445
