Year,Proportion
2009,0.0
2010,0.0
2011,0.00039032006245121
2012,0.002331778814123917
2013,0.0
2014,0.0070921985815602835
2015,0.0
2016,0.0
2017,0.0
2018,0.0
2019,0.0
2020,0.0
2021,0.0012919896640826874
2022,0.0
2023,0.0
2024,0.0
