Year,0
2009,0.0
2010,0.0
2011,0.0003786444528587656
2012,0.0022116903633491313
2013,0.0
2014,0.006802721088435374
2015,0.0
2016,0.0
2017,0.0
2018,0.0
2019,0.0
2020,0.0
2021,0.0012853470437017994
2022,0.0
2023,0.0
2024,0.0
