Year,0
2009,0.012830188679245283
2010,0.008507621410847217
2011,0.004922377887163953
2012,0.005055292259083728
2013,0.0
2014,0.0017006802721088435
2015,0.01391304347826087
2016,0.008595988538681949
2017,0.0
2018,0.0
2019,0.004746835443037975
2020,0.0
2021,0.008997429305912597
2022,0.004889975550122249
2023,0.003667481662591687
2024,0.00234192037470726
