Year,Proportion
2009,0.013219284603421462
2010,0.008724100327153763
2011,0.00507416081186573
2012,0.005329780146568954
2013,0.0
2014,0.0017730496453900709
2015,0.014388489208633094
2016,0.00881057268722467
2017,0.0
2018,0.0
2019,0.004784688995215311
2020,0.0
2021,0.006459948320413436
2022,0.003703703703703704
2023,0.002484472049689441
2024,0.0024449877750611247
