Year,Proportion
2009,0.0
2010,0.0003544842254519674
2011,0.0003786444528587656
2012,0.0
2013,0.0
2014,0.0017006802721088435
2015,0.01391304347826087
2016,0.027220630372492838
2017,0.03324468085106383
2018,0.03561253561253561
2019,0.03639240506329114
2020,0.026119402985074626
2021,0.05269922879177378
2022,0.040342298288508556
2023,0.034229828850855744
2024,0.03278688524590164
