Year,Proportion
2009,0.0
2010,0.00035714285714285714
2011,0.00037993920972644377
2012,0.0
2013,0.0
2014,0.0017331022530329288
2015,0.01391304347826087
2016,0.027220630372492838
2017,0.033288948069241014
2018,0.0357653791130186
2019,0.03639240506329114
2020,0.026515151515151516
2021,0.05269922879177378
2022,0.03900709219858156
2023,0.0343980343980344
2024,0.03317535545023697
