Year,Proportion
2009,0.0
2010,0.0
2011,0.0
2012,0.0
2013,0.0
2014,0.01386481802426343
2015,0.006956521739130435
2016,0.0028653295128939827
2017,0.0039946737683089215
2018,0.002861230329041488
2019,0.012658227848101266
2020,0.011363636363636364
2021,0.005141388174807198
2022,0.010638297872340425
2023,0.009828009828009828
2024,0.011848341232227487
