Year,0
2009,0.0
2010,0.0
2011,0.0
2012,0.0
2013,0.0
2014,0.013605442176870748
2015,0.006956521739130435
2016,0.0028653295128939827
2017,0.003989361702127659
2018,0.002857142857142857
2019,0.012658227848101266
2020,0.011194029850746268
2021,0.005141388174807198
2022,0.011002444987775062
2023,0.009779951100244499
2024,0.0117096018735363
