Year,Proportion
2009,0.0
2010,0.0
2011,0.0
2012,0.0
2013,0.0
2014,0.0
2015,0.0
2016,0.0
2017,0.0013386880856760374
2018,0.015895953757225433
2019,0.02073365231259968
2020,0.0057692307692307696
2021,0.0012919896640826874
2022,0.016049382716049384
2023,0.007453416149068323
2024,0.004889975550122249
