Year,Proportion
2009,0.0
2010,0.0
2011,0.0
2012,0.0
2013,0.0
2014,0.0
2015,0.0
2016,0.0
2017,0.0013297872340425532
2018,0.01566951566951567
2019,0.020569620253164556
2020,0.005597014925373134
2021,0.0012853470437017994
2022,0.01589242053789731
2023,0.007334963325183374
2024,0.00468384074941452
