Year,Proportion
2009,0.006220839813374806
2010,0.012359142130134497
2011,0.01092896174863388
2012,0.012658227848101266
2013,0.03611111111111111
2014,0.03900709219858156
2015,0.02697841726618705
2016,0.014684287812041116
2017,0.009370816599732263
2018,0.004335260115606936
2019,0.001594896331738437
2020,0.0019230769230769232
2021,0.007751937984496124
2022,0.007407407407407408
2023,0.0012422360248447205
2024,0.0024449877750611247
