Year,Proportion
2009,0.0060377358490566035
2010,0.012052463665366891
2011,0.010602044680045438
2012,0.012006319115323854
2013,0.03194103194103194
2014,0.03741496598639456
2015,0.02608695652173913
2016,0.014326647564469915
2017,0.009308510638297872
2018,0.004273504273504274
2019,0.0015822784810126582
2020,0.0018656716417910447
2021,0.007712082262210797
2022,0.007334963325183374
2023,0.0012224938875305623
2024,0.00234192037470726
