Year,Proportion
2009,0.003110419906687403
2010,0.002544529262086514
2011,0.00156128024980484
2012,0.0
2013,0.0
2014,0.0
2015,0.0
2016,0.0
2017,0.0013386880856760374
2018,0.015895953757225433
2019,0.03668261562998405
2020,0.013461538461538462
2021,0.00904392764857881
2022,0.0012345679012345679
2023,0.006211180124223602
2024,0.0
