Year,Proportion
2009,0.0030188679245283017
2010,0.0025
2011,0.001519756838905775
2012,0.0
2013,0.0
2014,0.0
2015,0.0
2016,0.0
2017,0.0013315579227696406
2018,0.015736766809728183
2019,0.03639240506329114
2020,0.013257575757575758
2021,0.008997429305912597
2022,0.001182033096926714
2023,0.006142506142506142
2024,0.0
