Year,Proportion
2009,0.003499222395023328
2010,0.006543075245365322
2011,0.01366120218579235
2012,0.0029980013324450365
2013,0.022222222222222223
2014,0.028368794326241134
2015,0.025179856115107913
2016,0.00881057268722467
2017,0.038821954484605084
2018,0.03468208092485549
2019,0.030303030303030304
2020,0.03653846153846154
2021,0.05297157622739018
2022,0.024691358024691357
2023,0.03602484472049689
2024,0.02689486552567237
