Year,Proportion
2009,0.0033962264150943396
2010,0.006380716058135413
2011,0.013252555850056797
2012,0.002843601895734597
2013,0.019656019656019656
2014,0.027210884353741496
2015,0.02434782608695652
2016,0.008595988538681949
2017,0.03856382978723404
2018,0.03418803418803419
2019,0.030063291139240507
2020,0.03598484848484849
2021,0.05269922879177378
2022,0.02364066193853428
2023,0.03558282208588957
2024,0.026066350710900472
