Year,0
2009,0.0033962264150943396
2010,0.006380716058135413
2011,0.013252555850056797
2012,0.002843601895734597
2013,0.019656019656019656
2014,0.027210884353741496
2015,0.02434782608695652
2016,0.008595988538681949
2017,0.03856382978723404
2018,0.03428571428571429
2019,0.030063291139240507
2020,0.03544776119402985
2021,0.05269922879177378
2022,0.02444987775061125
2023,0.035452322738386305
2024,0.02576112412177986
