Year,Proportion
2009,0.0022641509433962265
2010,0.0003544842254519674
2011,0.0003786444528587656
2012,0.0009478672985781991
2013,0.0
2014,0.0
2015,0.0
2016,0.0014326647564469914
2017,0.0
2018,0.02564102564102564
2019,0.014240506329113924
2020,0.018656716417910446
2021,0.05398457583547558
2022,0.037897310513447434
2023,0.05012224938875306
2024,0.02107728337236534
