Year,Proportion
2009,0.0022641509433962265
2010,0.00035714285714285714
2011,0.00037993920972644377
2012,0.0009505703422053232
2013,0.0
2014,0.0
2015,0.0
2016,0.0014326647564469914
2017,0.0
2018,0.02575107296137339
2019,0.014240506329113924
2020,0.01893939393939394
2021,0.05398457583547558
2022,0.03664302600472813
2023,0.05036855036855037
2024,0.02132701421800948
