Year,Proportion
2009,0.009056603773584906
2010,0.00815313718539525
2011,0.005301022340022719
2012,0.002843601895734597
2013,0.02702702702702703
2014,0.03741496598639456
2015,0.043478260869565216
2016,0.027220630372492838
2017,0.06382978723404255
2018,0.12962962962962962
2019,0.05221518987341772
2020,0.06529850746268656
2021,0.05912596401028278
2022,0.06723716381418093
2023,0.0843520782396088
2024,0.03278688524590164
