Year,Proportion
2009,0.00933125972006221
2010,0.008360596146855689
2011,0.00546448087431694
2012,0.0029980013324450365
2013,0.030555555555555555
2014,0.03900709219858156
2015,0.044964028776978415
2016,0.027900146842878122
2017,0.0642570281124498
2018,0.1315028901734104
2019,0.05263157894736842
2020,0.0673076923076923
2021,0.059431524547803614
2022,0.06790123456790123
2023,0.08571428571428572
2024,0.034229828850855744
