Year,Proportion
2009,0.08
2010,0.07337823466855725
2011,0.0715638015903067
2012,0.06382306477093207
2013,0.09828009828009827
2014,0.09523809523809523
2015,0.1617391304347826
2016,0.13896848137535817
2017,0.19946808510638298
2018,0.14387464387464388
2019,0.06962025316455696
2020,0.07007575757575757
2021,0.055269922879177376
2022,0.04018912529550828
2023,0.05521472392638037
2024,0.04976303317535545
