Year,Proportion
2009,0.08242612752721618
2010,0.0752453653217012
2011,0.07377049180327869
2012,0.06728847435043304
2013,0.1111111111111111
2014,0.09929078014184398
2015,0.1672661870503597
2016,0.14243759177679882
2017,0.20080321285140562
2018,0.14595375722543352
2019,0.07017543859649122
2020,0.07115384615384615
2021,0.05555555555555555
2022,0.04197530864197531
2023,0.055900621118012424
2024,0.05134474327628362
