Year,Proportion
2009,0.004528301886792453
2010,0.004253810705423609
2011,0.0034078000757288905
2012,0.005687203791469194
2013,0.044226044226044224
2014,0.04081632653061224
2015,0.029565217391304348
2016,0.01862464183381089
2017,0.023936170212765957
2018,0.019943019943019943
2019,0.04588607594936709
2020,0.054924242424242424
2021,0.04755784061696658
2022,0.04018912529550828
2023,0.04171779141104295
2024,0.04028436018957346
