Year,Proportion
2009,0.004528301886792453
2010,0.004285714285714286
2011,0.003419452887537994
2012,0.005703422053231939
2013,0.046753246753246755
2014,0.0415944540727903
2015,0.029565217391304348
2016,0.01862464183381089
2017,0.023968042609853527
2018,0.020028612303290415
2019,0.04588607594936709
2020,0.054924242424242424
2021,0.04755784061696658
2022,0.04018912529550828
2023,0.04176904176904177
2024,0.04028436018957346
