Year,Proportion
2009,0.0
2010,0.0
2011,0.0
2012,0.0
2013,0.007792207792207792
2014,0.03292894280762565
2015,0.01391304347826087
2016,0.03724928366762178
2017,0.010652463382157125
2018,0.02575107296137339
2019,0.03164556962025317
2020,0.043560606060606064
2021,0.02056555269922879
2022,0.02955082742316785
2023,0.022113022113022112
2024,0.016587677725118485
