Year,Proportion
2009,0.0
2010,0.0
2011,0.0
2012,0.0
2013,0.008333333333333333
2014,0.03368794326241135
2015,0.014388489208633094
2016,0.0381791483113069
2017,0.0107095046854083
2018,0.02601156069364162
2019,0.03189792663476874
2020,0.04423076923076923
2021,0.020671834625323
2022,0.030864197530864196
2023,0.02236024844720497
2024,0.017114914425427872
