,min,mean,std,max
frequency,1.0,8.392156862745098,25.606758414332763,158.0
support,9.39584703561026e-05,0.0007885142218119987,0.0024059718513889665,0.014845438316264212
