,min,mean,std,max
frequency,1.0,5.0,4.673986932604096,18.0
support,9.428625306430322e-05,0.0004714312653215161,0.0004406927147467562,0.0016971525551574581
