,min,mean,std,max
frequency,1.0,5.4,4.762952265739631,18.0
support,8.796622097114708e-05,0.0004750175932441943,0.000418978911483078,0.0015833919774806474
