,min,mean,std,max
frequency,1.0,5.0,4.673986932604096,18.0
support,9.385265133740028e-05,0.0004893745391164444,0.0004264139946045251,0.0016893477240732052
