,min,mean,std,max
frequency,1.0,7.08,22.69680705528975,149.0
support,8.796622097114708e-05,0.0006228008444757213,0.001996552344765108,0.013106966924700914
