,min,mean,std,max
frequency,1.0,5.214285714285714,4.543441112511214,18.0
support,9.39584703561026e-05,0.0004899263097139635,0.0004268947770845827,0.0016912524664098468
