,min,mean,std,max
frequency,1.0,5.214285714285714,4.543441112511214,18.0
support,9.428625306430322e-05,0.000491635462406724,0.0004283840385169917,0.0016971525551574581
