,min,mean,std,max
frequency,1.0,5.214285714285714,4.543441112511214,18.0
support,9.386146048432514e-05,0.0004894204725254096,0.0004264540184448296,0.0016895062887178525
