,min,mean,std,max
frequency,1.0,1.2,0.44721359549995804,2.0
support,8.796622097114708e-05,0.0001055594651653765,3.933968996305049e-05,0.00017593244194229416
