,min,mean,std,max
frequency,1.0,10.192307692307692,15.033346543455519,67.0
support,9.385265133740028e-05,0.0009601848175287873,0.0014090302113659368,0.006288127639605819
