,min,mean,std,max
frequency,1.0,10.23076923076923,15.013216902104055,67.0
support,9.428625306430322e-05,0.0009646208967347946,0.0014155399681410577,0.006317178955308316
