,min,mean,std,max
frequency,1.0,4.225806451612903,10.075809945621524,75.0
support,9.428625306430322e-05,0.00039843545649753963,0.0009500103663606941,0.007071468979822742
