,min,mean,std,max
frequency,1.0,10.192307692307692,14.95619546560655,67.0
support,9.386146048432514e-05,0.0009602749418780956,0.0014091624649994422,0.0062887178524497845
