,min,mean,std,max
frequency,1.0,9.94,14.316267327906449,59.0
support,9.428625306430322e-05,0.0009372053554591741,0.0013498272042152034,0.00556288893079389
