,min,mean,std,max
frequency,1.0,4.563218390804598,9.810650536030876,75.0
support,8.796622097114708e-05,0.00040140907730511937,0.0008630058529231949,0.006597466572836031
