,min,mean,std,max
frequency,1.0,4.174603174603175,10.002483050657947,75.0
support,9.386146048432514e-05,0.000391834350910754,0.0009388476676044626,0.007039609536324386
