,min,mean,std,max
frequency,1.0,9.462962962962964,13.999613152287338,59.0
support,8.796622097114708e-05,0.0008340500951338389,0.0012367018116924726,0.005190007037297678
