,min,mean,std,max
frequency,1.0,10.23076923076923,15.013216902104055,67.0
support,9.39584703561026e-05,0.0009612674274893572,0.0014106188952460825,0.006295217513858874
