,min,mean,std,max
frequency,1.0,11.952631578947368,32.63773927095425,315.0
support,9.386146048432514e-05,0.0011253495104383822,0.0030650751047587277,0.02956636005256242
