,min,mean,std,max
frequency,1.0,8.49,25.81656151552426,158.0
support,9.428625306430322e-05,0.0008014331510465774,0.0024375017621461104,0.014897227984159909
