,min,mean,std,max
frequency,1.0,12.063829787234043,32.76788948895372,315.0
support,9.428625306430322e-05,0.0011407132052912643,0.003092463992548739,0.029700169715255516
