,min,mean,std,max
frequency,1.0,6.91578947368421,21.019577074259587,141.0
support,9.428625306430322e-05,0.0006530563633295952,0.0019862700781551486,0.013294361682066755
