,min,mean,std,max
frequency,1.0,4.079365079365079,10.003711548803482,75.0
support,9.385265133740028e-05,0.000391797576218036,0.0009387595542616559,0.0070389488503050214
