,min,mean,std,max
frequency,1.0,8.323529411764707,25.620289671771136,158.0
support,9.385265133740028e-05,0.000787626172007987,0.0024032621693414143,0.014828718911309244
