,min,mean,std,max
frequency,1.0,9.052486187845304,26.90199730829867,313.0
support,8.796622097114708e-05,0.0007963130003382569,0.002366467039787005,0.027533427163969035
