,min,mean,std,max
frequency,1.0,1.0,0.0,1.0
support,9.428625306430322e-05,9.428625306430323e-05,1.6598388128790506e-20,9.428625306430322e-05
