,min,mean,std,max
frequency,1.0,11.803149606299213,32.629669910603255,315.0
support,9.385265133740028e-05,0.0011225368297756776,0.003061208237624077,0.02956358517128109
