,min,mean,std,max
frequency,1.0,4.174603174603175,10.002483050657947,75.0
support,9.39584703561026e-05,0.0003922393286294443,0.0009398180072026632,0.007046885276707695
