,min,mean,std,max
frequency,1.0,12.06578947368421,32.64397196585521,315.0
support,9.39584703561026e-05,0.0011344248999836809,0.0030687211564077734,0.02959691816217232
