,min,mean,std,max
frequency,1.0,8.372549019607844,25.566810775694094,158.0
support,9.386146048432514e-05,0.0007877000997508071,0.0024034877430385553,0.014830110756523372
