,min,mean,std,max
frequency,1.0,9.167146974063401,27.2957631574094,313.0
support,9.428625306430322e-05,0.0008662379676340018,0.0025753044566428755,0.02951159720912691
