,min,mean,std,max
frequency,1.0,5.828571428571428,19.54103632974301,116.0
support,9.428625306430322e-05,0.0005495541607176532,0.0018424510965248926,0.010937205355459174
