,min,mean,std,max
frequency,1.0,5.75,5.909032633745278,14.0
support,9.39584703561026e-05,0.00054026120454759,0.0005552036675509987,0.0013154185849854364
