,min,mean,std,max
frequency,1.0,5.133333333333334,4.580496957858654,18.0
support,9.428625306430322e-05,0.00048400276573008983,0.0004318778953289322,0.0016971525551574581
