,min,mean,std,max
frequency,38.0,89.5,72.8319984622144,141.0
support,0.003570421873531899,0.008409283096871183,0.006843183168487682,0.013248144320210467
