,min,mean,std,max
frequency,1.0,4.590909090909091,5.3865714062984,21.0
support,9.385265133740028e-05,0.0004479331086557742,0.0005082520974531962,0.0019709056780854058
