,min,mean,std,max
frequency,1.0,5.5,5.916079783099616,14.0
support,9.385265133740028e-05,0.0005396527451900516,0.0005545783795162157,0.001313937118723604
