,min,mean,std,max
frequency,1.0,5.828571428571428,19.54103632974301,116.0
support,9.39584703561026e-05,0.0005476436557898551,0.0018360458827156824,0.010899182561307902
