,min,mean,std,max
frequency,1.0,5.133333333333334,4.580496957858654,18.0
support,9.39584703561026e-05,0.0004823201478279934,0.0004303764876311805,0.0016912524664098468
