,min,mean,std,max
frequency,1.0,5.75,5.909032633745278,14.0
support,8.796622097114708e-05,0.0005058057705840958,0.0005197952703857565,0.0012315270935960591
