,min,mean,std,max
frequency,1.0,3.25,4.575556172282697,22.0
support,8.796622097114708e-05,0.0002858902181562281,0.0004024943853169157,0.0019352568613652356
