,min,mean,std,max
frequency,38.0,89.5,72.8319984622144,141.0
support,0.0035664007508212107,0.008399812294697325,0.006835476157880282,0.01323322383857344
