,min,mean,std,max
frequency,1.0,4.933333333333334,4.697517074654084,18.0
support,9.385265133740028e-05,0.00048177694353198817,0.00042989178393793096,0.0016893477240732052
