,min,mean,std,max
frequency,1.0,4.933333333333334,4.697517074654084,18.0
support,8.796622097114708e-05,0.0004339666901243256,0.00041322282500475763,0.0015833919774806474
