,min,mean,std,max
frequency,1.0,5.771428571428571,19.54645404021452,116.0
support,9.385265133740028e-05,0.0005470268820808472,0.0018339780694268427,0.010886907555138433
