,min,mean,std,max
frequency,1.0,4.7727272727272725,5.415426098363806,21.0
support,9.428625306430322e-05,0.00045000257144326534,0.000510600235561362,0.0019800113143503676
