,min,mean,std,max
frequency,1.0,4.7727272727272725,5.415426098363806,21.0
support,9.39584703561026e-05,0.00044843815397230794,0.0005088251525287799,0.0019731278774781547
