,min,mean,std,max
frequency,1.0,4.933333333333334,4.697517074654084,18.0
support,9.428625306430322e-05,0.0004651455151172292,0.0004429112836747204,0.0016971525551574581
