,min,mean,std,max
frequency,1.0,5.133333333333334,4.580496957858654,18.0
support,9.386146048432514e-05,0.00048182216381953576,0.00042993213420862143,0.0016895062887178525
