,min,mean,std,max
frequency,38.0,89.5,72.8319984622144,141.0
support,0.0035667354984043552,0.0084006007133471,0.006836117745655564,0.013234465928289843
