,min,mean,std,max
frequency,1.0,54.76923076923077,98.88979880499457,315.0
support,9.386146048432514e-05,0.005169600438982833,0.009272310571084737,0.02956636005256242
