,min,mean,std,max
frequency,1.0,55.0,98.83150644742123,315.0
support,9.385265133740028e-05,0.005169115258275278,0.009271440340153618,0.02956358517128109
