,min,mean,std,max
frequency,1.0,55.07692307692308,98.78719682433679,315.0
support,9.39584703561026e-05,0.005174943444228421,0.009281893904381923,0.02959691816217232
