,min,mean,std,max
frequency,38.0,89.5,72.8319984622144,141.0
support,0.003342716396903589,0.007872976776917662,0.0064067556704973955,0.012403237156931738
