,min,mean,std,max
frequency,38.0,89.5,72.8319984622144,141.0
support,0.0035828776164435225,0.008438619649255139,0.006867056238187289,0.013294361682066755
