,min,mean,std,max
frequency,1.0,54.76923076923077,98.88979880499457,315.0
support,9.428625306430322e-05,0.005192996707233931,0.00931427463929255,0.029700169715255516
