,min,mean,std,max
frequency,1.0,4.7272727272727275,5.275115148206703,20.0
support,9.386146048432514e-05,0.0004479751523115517,0.0005082998027373574,0.0019710906701708277
