,min,mean,std,max
frequency,1.0,10.660377358490566,37.48278753499163,264.0
support,9.385265133740028e-05,0.0010129003125470368,0.0035156633152911626,0.024777099953073676
