,min,mean,std,max
frequency,1.0,9.666666666666666,15.290612051236158,75.0
support,9.428625306430322e-05,0.0009114337796215979,0.0014416945173709372,0.007071468979822742
