,min,mean,std,max
frequency,1.0,7.5,7.050835816716038,22.0
support,9.386146048432514e-05,0.0007039609536324385,0.0006618017473921567,0.002064952130655153
