,min,mean,std,max
frequency,1.0,10.773584905660377,37.433346666715984,264.0
support,9.428625306430322e-05,0.0010175799387317256,0.0035319057726218507,0.02489157080897605
