,min,mean,std,max
frequency,1.0,9.583333333333334,15.321668353242753,75.0
support,9.385265133740028e-05,0.000907242296261536,0.0014350644815801182,0.0070389488503050214
