,min,mean,std,max
frequency,1.0,10.79245283018868,37.45939262442735,264.0
support,9.386146048432514e-05,0.0010129953848496975,0.0035159933005845063,0.024779425567861835
