,min,mean,std,max
frequency,1.0,9.64864864864865,15.09552454082111,75.0
support,8.796622097114708e-05,0.0008499438918158132,0.0013313915897691915,0.006597466572836031
