,min,mean,std,max
frequency,1.0,9.666666666666666,15.290612051236158,75.0
support,9.39584703561026e-05,0.0009082652134423252,0.0014366825191427376,0.007046885276707695
