,min,mean,std,max
frequency,1.0,4.3076923076923075,5.097208889337229,21.0
support,8.796622097114708e-05,0.0003789314134141721,0.00044838220349553384,0.0018472906403940886
