,min,mean,std,max
frequency,1.0,1.25,0.5,2.0
support,8.796622097114708e-05,0.00010995777621393384,4.398311048557354e-05,0.00017593244194229416
