,min,mean,std,max
frequency,1.0,9.442857142857143,14.808571464522691,75.0
support,9.428625306430322e-05,0.000890331618221492,0.001396244716624806,0.007071468979822742
