,min,mean,std,max
frequency,1.0,9.63888888888889,15.249387478399049,75.0
support,9.386146048432514e-05,0.0009073274513484762,0.0014351991788282483,0.007039609536324386
