,min,mean,std,max
frequency,1.0,7.5,7.050835816716038,22.0
support,9.39584703561026e-05,0.0007046885276707695,0.0006624857480706603,0.002067086347834257
