,min,mean,std,max
frequency,1.0,7.25,7.126409634992524,22.0
support,9.385265133740028e-05,0.0007038948850305022,0.0006617396355435043,0.002064758329422806
