,min,mean,std,max
frequency,1.0,5.75,5.909032633745278,14.0
support,9.386146048432514e-05,0.0005397033977848696,0.0005546304330528702,0.001314060446780552
