,min,mean,std,max
frequency,1.0,5.166666666666667,9.261029460414575,24.0
support,9.386146048432514e-05,0.0005005944559164006,0.000907435331671234,0.0023465365121081282
