,min,mean,std,max
frequency,1.0,7.5,7.050835816716038,22.0
support,9.428625306430322e-05,0.0007071468979822741,0.0006647968901297414,0.002074297567414671
