,min,mean,std,max
frequency,1.0,4.222222222222222,7.870479302078397,25.0
support,8.796622097114708e-05,0.00037141293298928766,0.0006923363214354676,0.002199155524278677
