,min,mean,std,max
frequency,1.0,5.75,5.909032633745278,14.0
support,9.428625306430322e-05,0.0005421459551197436,0.0005571405462705336,0.0013200075429002452
