,min,mean,std,max
frequency,1.0,6.777777777777778,6.942221866552844,22.0
support,8.796622097114708e-05,0.0005962154976933302,0.0006106810227439165,0.0019352568613652356
