,min,mean,std,max
frequency,1.0,5.166666666666667,9.261029460414575,24.0
support,9.428625306430322e-05,0.0005028600163429505,0.0009115421481826635,0.0023571563266075804
