,min,mean,std,max
frequency,1.0,5.828571428571428,19.54103632974301,116.0
support,9.386146048432514e-05,0.0005470782268229236,0.001834150209286935,0.010887929416181715
