,min,mean,std,max
frequency,1.0,9.711538461538462,37.040167141907624,264.0
support,9.428625306430322e-05,0.000917477770202643,0.0034949620046588812,0.02489157080897605
