,min,mean,std,max
frequency,1.0,9.478260869565217,22.949288701117585,133.0
support,9.428625306430322e-05,0.0008957194041108807,0.002166285134955629,0.012540071657552328
