,min,mean,std,max
frequency,1.0,10.79245283018868,37.45939262442735,264.0
support,9.39584703561026e-05,0.0010140423593149185,0.003519627231459866,0.024805036174011086
