,min,mean,std,max
frequency,1.0,9.48913043478261,22.925342072162348,133.0
support,9.39584703561026e-05,0.0008926054683829751,0.0021587541239631116,0.012496476557361646
