,min,mean,std,max
frequency,1.0,5.333333333333333,9.66781602362533,25.0
support,9.39584703561026e-05,0.0005011118418992138,0.0009083732052640543,0.002348961758902565
