,min,mean,std,max
frequency,1.0,7.620253164556962,17.248785759916448,133.0
support,8.796622097114708e-05,0.0006703248737295005,0.001517310499640785,0.011699507389162561
