,min,mean,std,max
frequency,1.0,7.828947368421052,17.498486150060515,133.0
support,9.428625306430322e-05,0.0007394027213990095,0.0016528572987338482,0.012540071657552328
