,min,mean,std,max
frequency,1.0,3.129032258064516,4.558815163935112,21.0
support,9.428625306430322e-05,0.000295024727330239,0.00042983360022016905,0.0019800113143503676
