,min,mean,std,max
frequency,1.0,39.27272727272727,91.88698592193666,313.0
support,9.428625306430322e-05,0.0037200212572643275,0.008660628722421895,0.02951159720912691
