,min,mean,std,max
frequency,1.0,9.315217391304348,23.014534035589307,133.0
support,9.385265133740028e-05,0.0008916001877053029,0.002156322866385678,0.012482402627874237
