,min,mean,std,max
frequency,1.0,9.276923076923078,33.91925508298517,264.0
support,8.796622097114708e-05,0.0008160558653169491,0.0029837486878065774,0.02322308233638283
