,min,mean,std,max
frequency,1.0,39.45454545454545,91.85462823000661,313.0
support,8.796622097114708e-05,0.0034706672637707116,0.008080104524103326,0.027533427163969035
