,min,mean,std,max
frequency,1.0,5.166666666666667,9.724539406402066,25.0
support,9.385265133740028e-05,0.0005005474737994682,0.0009073501664594396,0.002346316283435007
