,min,mean,std,max
frequency,1.0,9.478260869565217,22.949288701117585,133.0
support,9.386146048432514e-05,0.0008916838746010888,0.0021565252619991935,0.012483574244415242
