,min,mean,std,max
frequency,1.0,5.416666666666667,9.372833082905082,54.0
support,8.803591865481116e-05,0.0004768612260468939,0.0008251459708517548,0.004753939607359803
