,min,mean,std,max
frequency,1.0,5.416666666666667,9.372833082905082,54.0
support,8.809020436927414e-05,0.0004771552736669016,0.0008256547817922027,0.0047568710359408035
