,min,mean,std,max
frequency,1.0,7.977777777777778,16.902471190281865,158.0
support,8.809020436927414e-05,0.000703416594889463,0.0014895067047283185,0.013918252290345313
