,min,mean,std,max
frequency,1.0,3.142857142857143,4.605300338608894,18.0
support,8.798944126704795e-05,0.0002765382439821506,0.00040521780366114336,0.0015838099428068632
