,min,mean,std,max
frequency,1.0,1.7083333333333333,0.954584665735822,5.0
support,8.798944126704795e-05,0.00015031529549787358,8.399337138018672e-05,0.0004399472063352398
