,min,mean,std,max
frequency,1.0,5.416666666666667,9.372833082905082,54.0
support,8.798944126704795e-05,0.00047660947352984307,0.0008247103460541207,0.00475142982842059
