,min,mean,std,max
support,0.0001501501501501,0.00028828828828825594,0.0003000499456921298,0.0016516516516516
frequency,1.0,1.92,1.9983326383095816,11.0
