,min,mean,std,max
support,0.0001158882836945,0.00033110938198430357,0.0002246145075261423,0.0006953297021671
frequency,1.0,2.857142857142857,1.9381985854431316,6.0
