,min,mean,std,max
frequency,1.0,5.416666666666667,9.372833082905082,54.0
support,8.819119851838787e-05,0.0004777023253079342,0.0008266013830941953,0.004762324719992945
