,min,mean,std,max
frequency,1.0,1.7083333333333333,0.954584665735822,5.0
support,8.819119851838787e-05,0.00015065996413557927,8.418596575851681e-05,0.00044095599259193934
