,min,mean,std,max
frequency,1.0,7.977777777777778,16.89010425931549,158.0
support,8.798944126704795e-05,0.0007032637564973684,0.0014882886893444935,0.013902331720193577
