,min,mean,std,max
support,0.0004887585532746,0.00117302052785917,0.0011566138383381616,0.0039100684261974
frequency,1.0,2.4,2.3664319132398464,8.0
