,min,mean,std,max
frequency,1.0,7.977777777777778,16.886569186944772,158.0
support,8.819119851838787e-05,0.0007042230518727564,0.001491214402687704,0.013934209365905283
