,min,mean,std,max
frequency,1.0,3.142857142857143,4.605300338608894,18.0
support,8.803591865481116e-05,0.00027668431577226367,0.00040543184599074706,0.001584646535786601
