,min,mean,std,max
support,0.0006377551020408,0.0018221574344022863,0.0012360960366346188,0.0038265306122448
frequency,0.0,2.1785714285714284,2.3421036986969073,6.0
