,min,mean,std,max
frequency,1.0,2.5454545454545454,2.910794955459294,10.0
support,8.798944126704795e-05,0.00022397312322521292,0.000256119221773805,0.0008798944126704796
