,min,mean,std,max
support,0.0001954270080125,0.0011349799311495385,0.0018475877954622372,0.0109439124487004
frequency,1.0,5.8076923076923075,9.4541067493803,56.0
