,min,mean,std,max
frequency,1.0,2.5454545454545454,2.910794955459294,10.0
support,8.809020436927414e-05,0.0002242296111217887,0.0002564125225034614,0.0008809020436927414
