,min,mean,std,max
frequency,1.0,2.6,1.6733200530681511,5.0
support,8.798944126704795e-05,0.0002287725472943247,0.00014723449653041365,0.0004399472063352398
