,min,mean,std,max
support,0.0001786990707648,0.0003986363886291924,0.0004006065320355856,0.0016082916368834
frequency,1.0,2.230769230769231,2.24179415327122,9.0
