,min,mean,std,max
support,0.0001158882836945,0.0004319472392249909,0.000695505268311074,0.0024336539575848
frequency,1.0,3.727272727272727,6.001514960256436,21.0
