,min,mean,std,max
frequency,1.0,2.5454545454545454,2.910794955459294,10.0
support,8.803591865481116e-05,0.00022409142930315573,0.0002562545079196491,0.0008803591865481116
