,min,mean,std,max
frequency,1.0,2.6,1.6733200530681511,5.0
support,8.819119851838787e-05,0.0002292971161478085,0.00014757210098493266,0.00044095599259193934
