,min,mean,std,max
frequency,1.0,2.9411764705882355,3.8482234250900462,17.0
support,8.809020436927414e-05,0.00025908883638021805,0.0003389907879748102,0.0014975334742776602
