,min,mean,std,max
support,0.0001158882836945,0.0001622435971723,8.102977155869619e-05,0.0003476648510835
frequency,1.0,1.4,0.6992058987801011,3.0
