,min,mean,std,max
support,0.0001158882836945,0.00027813188086681,0.00027424173290528403,0.0009271062695561
frequency,1.0,2.4,2.3664319132398464,8.0
