,min,mean,std,max
frequency,1.0,2.8,3.4928498393145966,9.0
support,8.803591865481116e-05,0.0002465005722334713,0.00030749624432737006,0.0007923232678933005
