,min,mean,std,max
frequency,1.0,2.5454545454545454,2.910794955459294,10.0
support,8.819119851838787e-05,0.00022448668713771463,0.00025670649576323254,0.0008819119851838787
