,min,mean,std,max
support,0.0001158882836945,0.00042492370687986666,0.000535265054295604,0.0010429945532506
frequency,1.0,3.6666666666666665,4.618802153517007,9.0
