,min,mean,std,max
support,0.0002217786648924,0.0008266295691444911,0.0013310079752176485,0.0046573519627411
frequency,0.0,3.0,6.356099432828281,21.0
