,min,mean,std,max
frequency,1.0,2.9411764705882355,3.8482234250900462,17.0
support,8.819119851838787e-05,0.00025938587799525847,0.0003393794360252267,0.0014992503748125937
