,min,mean,std,max
support,0.002004008016032,0.0055110220440881255,0.003422495245811501,0.0100200400801603
frequency,0.0,2.25,2.217355782608345,5.0
