,min,mean,std,max
frequency,1.0,5.055555555555555,10.501945042381559,46.0
support,8.819119851838787e-05,0.0004458555036207386,0.0009261791200618713,0.004056795131845842
