,min,mean,std,max
frequency,1.0,2.6,1.6733200530681511,5.0
support,8.809020436927414e-05,0.0002290345313601128,0.00014740310544997807,0.0004404510218463707
