,min,mean,std,max
frequency,1.0,1.8333333333333333,1.6020819787597222,5.0
support,8.798944126704795e-05,0.0001613139756562546,0.00014096629817507455,0.0004399472063352398
