,min,mean,std,max
frequency,1.0,2.9411764705882355,3.8482234250900462,17.0
support,8.803591865481116e-05,0.0002589291725141505,0.0003387818844167661,0.0014966106171317897
