,min,mean,std,max
frequency,1.0,2.6,1.6733200530681511,5.0
support,8.803591865481116e-05,0.00022889338850250906,0.00014731226807537204,0.0004401795932740558
