,min,mean,std,max
frequency,1.0,1.8333333333333333,1.6020819787597222,5.0
support,8.819119851838787e-05,0.00016168386395037777,0.0001412895298315303,0.00044095599259193934
