,min,mean,std,max
support,0.0001158882836945,0.000318692780159875,0.00019791692289485003,0.0005794414184725
frequency,1.0,2.75,1.707825127659933,5.0
