,min,mean,std,max
frequency,1.0,1.8333333333333333,1.6020819787597222,5.0
support,8.803591865481116e-05,0.00016139918420048714,0.00014104075876042983,0.0004401795932740558
