,min,mean,std,max
frequency,1.0,2.9411764705882355,3.8482234250900462,17.0
support,8.798944126704795e-05,0.00025879247431484693,0.0003386030290444387,0.0014958205015398152
