,min,mean,std,max
frequency,1.0,1.2105263157894737,0.5353033790313108,3.0
support,8.803591865481116e-05,0.00010656979626635037,4.7125924732046024e-05,0.0002641077559644335
