,min,mean,std,max
frequency,1.0,1.2105263157894737,0.5353033790313108,3.0
support,8.809020436927414e-05,0.00010663551055227923,4.715498405843119e-05,0.0002642706131078224
