,min,mean,std,max
support,0.0001158882836945,0.00017688211721792106,7.089758840206287e-05,0.0003476648510835
frequency,1.0,1.5263157894736843,0.611775290321498,3.0
