,min,mean,std,max
frequency,1.0,19.306451612903224,34.556007619694356,149.0
support,8.809020436927414e-05,0.0017007092682261467,0.003044045773405071,0.013125440451021847
