,min,mean,std,max
support,0.0001954270080125,0.012170016142806247,0.039413472068061874,0.2288450263826461
frequency,1.0,62.273972602739725,201.67873657227258,1171.0
