,min,mean,std,max
frequency,1.0,19.29032258064516,34.54120233736269,149.0
support,8.819119851838787e-05,0.0017026591068791974,0.0030475357279913886,0.013140488579239792
