,min,mean,std,max
frequency,1.0,12.289156626506024,45.64270842321779,313.0
support,8.809020436927414e-05,0.0010825543187549349,0.004020675512968446,0.027572233967582804
