,min,mean,std,max
frequency,1.0,1.7083333333333333,0.954584665735822,5.0
support,8.809020436927414e-05,0.00015048743246417665,8.408955829244381e-05,0.0004404510218463707
