,min,mean,std,max
frequency,1.0,19.29032258064516,34.559232638326534,149.0
support,8.798944126704795e-05,0.0016987638902686514,0.0030405638028767577,0.013110426748790146
