,min,mean,std,max
frequency,1.0,12.27710843373494,45.64265047909018,313.0
support,8.798944126704795e-05,0.0010813160252095048,0.004016076412073716,0.02754069511658601
