,min,mean,std,max
frequency,1.0,1.2105263157894737,0.5353033790313108,3.0
support,8.798944126704795e-05,0.00010651353416537384,4.7101045229327826e-05,0.0002639683238011439
