,min,mean,std,max
frequency,1.0,1.0,0.0,1.0
support,8.798944126704795e-05,8.798944126704795e-05,0.0,8.798944126704795e-05
