,min,mean,std,max
frequency,1.0,19.29032258064516,34.559232638326534,149.0
support,8.803591865481116e-05,0.0016996612037065957,0.003042169875842447,0.013117351879566863
