,min,mean,std,max
support,0.0001158882836945,0.00204832541430057,0.0039128729061155,0.0172673542704832
frequency,1.0,17.675,33.76418030687065,149.0
