,min,mean,std,max
frequency,1.0,1.7083333333333333,0.954584665735822,5.0
support,8.803591865481116e-05,0.00015039469436863573,8.403773798184894e-05,0.0004401795932740558
