,min,mean,std,max
frequency,1.0,12.265060240963855,45.6420549379598,313.0
support,8.803591865481116e-05,0.0010818871931073178,0.004018197765931666,0.027555242538955894
