,min,mean,std,max
frequency,1.0,10.042553191489361,20.99892072465559,133.0
support,8.798944126704795e-05,0.0008855107599853974,0.0018479061707121966,0.011702595688517378
