,min,mean,std,max
support,0.0001194457716196,0.0017141243849317714,0.005511315832541716,0.0353559483994266
frequency,1.0,14.35064935064935,46.14073615003918,296.0
