,min,mean,std,max
frequency,1.0,4.966101694915254,8.293682286530613,57.0
support,8.798944126704795e-05,0.00043845585987308634,0.0007311199628483838,0.005015398152221733
