,min,mean,std,max
frequency,1.0,10.042553191489361,20.99892072465559,133.0
support,8.803591865481116e-05,0.0008859785005048018,0.0018488822634161563,0.011708777181089884
