,min,mean,std,max
support,0.0001158882836945,0.002113488021276268,0.0060480660367717405,0.0343029319735774
frequency,1.0,18.23728813559322,52.18876183130342,296.0
