,min,mean,std,max
frequency,1.0,7.940740740740741,16.885816251871997,158.0
support,8.803591865481116e-05,0.0007029831134065662,0.0014885887940906657,0.013909675147460164
