,min,mean,std,max
support,0.0001158882836945,0.0006730434937642807,0.001095620205050443,0.006489743886893
frequency,1.0,5.8076923076923075,9.4541067493803,56.0
