,min,mean,std,max
frequency,1.0,5.055555555555555,10.501945042381559,46.0
support,8.798944126704795e-05,0.00044483550862785346,0.0009240602764963976,0.004047514298284206
