,min,mean,std,max
support,0.0002470966147763,0.0012801390886004555,0.0023266749361478658,0.0158141833456881
frequency,1.0,5.180722891566265,9.4160534665904,64.0
