,min,mean,std,max
support,0.0001158882836945,0.00020280449646537503,0.00011095458428047113,0.0003476648510835
frequency,1.0,1.75,0.9574271077563381,3.0
