,min,mean,std,max
support,0.0001158882836945,0.0006003850842004783,0.001091210275418975,0.0074168501564491
frequency,1.0,5.180722891566265,9.4160534665904,64.0
