,min,mean,std,max
frequency,1.0,10.042553191489361,20.988565672567397,133.0
support,8.809020436927414e-05,0.000886524822695036,0.0018500223423312291,0.01171599718111346
