,min,mean,std,max
frequency,1.0,12.289156626506024,45.64270842321779,313.0
support,8.819119851838787e-05,0.001083795451671754,0.0040252851594688955,0.0276038451362554
