,min,mean,std,max
frequency,1.0,3.2,3.3466401061363023,9.0
support,8.809020436927414e-05,0.00028188865398167724,0.0002948062108999562,0.0007928118393234672
