,min,mean,std,max
frequency,1.0,5.055555555555555,10.501945042381559,46.0
support,8.803591865481116e-05,0.00044507047764376747,0.0009245483794684003,0.004049652258121313
