,min,mean,std,max
frequency,1.0,4.9491525423728815,8.258481739593458,57.0
support,8.803591865481116e-05,0.0004386874590595676,0.000731506151753841,0.0050180473633242365
