,min,mean,std,max
frequency,1.0,3.2,3.3466401061363023,9.0
support,8.819119851838787e-05,0.0002822118352588412,0.00029514420196986526,0.0007937207866654908
