,min,mean,std,max
frequency,1.0,4.983050847457627,8.309178377771882,57.0
support,8.819119851838787e-05,0.00043946122651535664,0.0007327963998387759,0.005026898315548109
