,min,mean,std,max
frequency,1.0,5.0,10.27275093461853,45.0
support,8.809020436927414e-05,0.0004453449220891081,0.0009251184850582768,0.00405214940098661
