,min,mean,std,max
frequency,1.0,4.966101694915254,8.237844921266406,56.0
support,8.809020436927414e-05,0.00043895796753502716,0.0007319572214386787,0.005021141649048625
