,min,mean,std,max
frequency,1.0,10.063829787234043,21.00145363014412,133.0
support,8.819119851838787e-05,0.000887541210621223,0.0018521433662707567,0.011729429402945586
