,min,mean,std,max
frequency,1.0,7.909090909090909,15.049614915037164,50.0
support,8.809020436927414e-05,0.0006967134345569863,0.0013257236535445002,0.004404510218463707
