,min,mean,std,max
frequency,1.0,7.818181818181818,14.770363447242467,49.0
support,8.819119851838787e-05,0.0006894948247801235,0.0013026160549645003,0.004321368727401006
