,min,mean,std,max
frequency,1.0,7.909090909090909,15.049614915037164,50.0
support,8.798944126704795e-05,0.0006959164900211975,0.0013242072076583514,0.004399472063352398
