,min,mean,std,max
support,0.0001158882836945,0.00056785259010311,0.0007558941068234863,0.0020859891065013
frequency,1.0,4.9,6.5226102477799826,18.0
