,min,mean,std,max
support,0.0002003606491685,0.0018227932229231926,0.0036169966770964322,0.0214385894610298
frequency,1.0,9.0,18.047160441465575,107.0
