,min,mean,std,max
support,0.0001574555188159,0.00022493645545129998,0.00016278060935719205,0.0007872775940796
frequency,1.0,1.4285714285714286,1.0338196500275416,5.0
