,min,mean,std,max
support,0.0005717552887364,0.0009529254812273331,0.0006924300409599501,0.0022870211549456
frequency,1.0,1.6666666666666667,1.2110601416389966,4.0
