,min,mean,std,max
frequency,1.0,3.142857142857143,4.605300338608894,18.0
support,8.809020436927414e-05,0.00027685492801771865,0.00040568184800994495,0.0015856236786469344
