,min,mean,std,max
frequency,1.0,3.142857142857143,4.605300338608894,18.0
support,8.819119851838787e-05,0.0002771723382006476,0.000406146956399056,0.0015874415733309816
