,min,mean,std,max
support,0.0001158882836945,0.00019314713949083334,0.0001403476812653614,0.000463553134778
frequency,1.0,1.6666666666666667,1.2110601416389966,4.0
