,min,mean,std,max
frequency,1.0,1.8333333333333333,1.6020819787597222,5.0
support,8.809020436927414e-05,0.00016149870801033595,0.00014112772892527504,0.0004404510218463707
