,min,mean,std,max
support,0.0001158882836945,0.0010543007272696072,0.00209206517735407,0.0124000463553134
frequency,1.0,9.097560975609756,18.052430415388365,107.0
