,min,mean,std,max
support,0.0007942811755361,0.00389197776012704,0.005180786535170754,0.0142970611596505
frequency,0.0,4.1,6.919376979018976,18.0
