,min,mean,std,max
frequency,1.0,1.2105263157894737,0.5353033790313108,3.0
support,8.819119851838787e-05,0.00010675776662752217,4.720904656771415e-05,0.0002645735955551636
