,min,mean,std,max
frequency,1.0,7.909090909090909,15.049614915037164,50.0
support,8.803591865481116e-05,0.0006962840839062338,0.0013249066744464447,0.004401795932740558
