,min,mean,std,max
support,0.0003576537911301,0.0011325703385788501,0.0015237694921473577,0.0057224606580829
frequency,1.0,3.1666666666666665,4.260459500043999,16.0
