,min,mean,std,max
support,0.0001158882836945,0.0001295221994232647,5.6214074640466856e-05,0.0003476648510835
frequency,1.0,1.1176470588235294,0.485071250072666,3.0
