,min,mean,std,max
support,0.0001158882836945,0.0003669795650326,0.0004937373392100812,0.0018542125391122
frequency,1.0,3.1666666666666665,4.260459500043999,16.0
