,min,mean,std,max
frequency,1.0,1.0,0.0,1.0
support,8.809020436927414e-05,8.809020436927414e-05,0.0,8.809020436927414e-05
