,min,mean,std,max
frequency,1.0,3.2,3.3466401061363023,9.0
support,8.803591865481116e-05,0.00028171493969539574,0.0002946245361507441,0.0007923232678933005
