,min,mean,std,max
frequency,1.0,3.2,3.3466401061363023,9.0
support,8.798944126704795e-05,0.0002815662120545535,0.0002944689930608273,0.0007919049714034316
