,min,mean,std,max
frequency,1.0,2.8,3.4928498393145966,9.0
support,8.798944126704795e-05,0.0002463704355477343,0.00030733390579098954,0.0007919049714034316
