,min,mean,std,max
support,0.0011160714285714,0.004092261904761867,0.005154913117764499,0.0100446428571428
frequency,1.0,3.6666666666666665,4.618802153517007,9.0
