,min,mean,std,max
support,0.0024509803921568,0.0024509803921568,,0.0024509803921568
frequency,1.0,1.0,,1.0
