,min,mean,std,max
frequency,1.0,2.8,3.4928498393145966,9.0
support,8.819119851838787e-05,0.0002469353558514861,0.0003080386135739127,0.0007937207866654908
