,min,mean,std,max
frequency,1.0,2.8,3.4928498393145966,9.0
support,8.809020436927414e-05,0.0002466525722339676,0.00030768585617640915,0.0007928118393234672
