,min,mean,std,max
support,0.0002248201438848,0.000393435251798475,0.00021524890012508357,0.0006744604316546
frequency,1.0,1.75,0.9574271077563381,3.0
