,min,mean,std,max
support,0.0005065856129685,0.0005065856129685,0.0,0.0005065856129685
frequency,1.0,1.0,0.0,1.0
