,min,mean,std,max
frequency,1.0,1.0,0.0,1.0
support,8.798944126704795e-05,8.798944126704794e-05,1.6598388128790506e-20,8.798944126704795e-05
