,min,mean,std,max
support,0.0153846153846153,0.0153846153846153,,0.0153846153846153
frequency,1.0,1.0,,1.0
