,min,mean,std,max
support,0.0001158882836945,0.00056012670452345,0.0004246043353902951,0.0013906594043342
frequency,1.0,4.833333333333333,3.663910810082912,12.0
