,min,mean,std,max
frequency,1.0,5.4,4.762952265739631,18.0
support,8.798944126704795e-05,0.00047514298284205894,0.0004190895086440502,0.0015838099428068632
