,min,mean,std,max
frequency,1.0,1.2,0.44721359549995804,2.0
support,8.803591865481116e-05,0.0001056431023857734,3.937085971475992e-05,0.00017607183730962233
