,min,mean,std,max
support,0.0007745933384972,0.003743867802736826,0.0028380409063384266,0.0092951200619674
frequency,1.0,4.5,3.6556307750696546,11.0
