,min,mean,std,max
support,0.0051890289103039,0.0051890289103039,,0.0051890289103039
frequency,7.0,7.0,,7.0
