,min,mean,std,max
support,0.0004187604690117,0.0004187604690117,0.0,0.0004187604690117
frequency,1.0,1.0,0.0,1.0
