,min,mean,std,max
frequency,1.0,5.4,4.762952265739631,18.0
support,8.803591865481116e-05,0.0004753939607359804,0.00041931087822340274,0.001584646535786601
