,min,mean,std,max
frequency,1.0,5.4,4.762952265739631,18.0
support,8.819119851838787e-05,0.0004762324719992946,0.00042005046880144915,0.0015874415733309816
