,min,mean,std,max
frequency,1.0,5.4,4.762952265739631,18.0
support,8.809020436927414e-05,0.00047568710359408034,0.0004195694384901014,0.0015856236786469344
