,min,mean,std,max
frequency,1.0,7.07,22.690831593043,149.0
support,8.803591865481116e-05,0.000622413944889515,0.0019976082043351535,0.013117351879566863
