,min,mean,std,max
support,9.77230528681716e-05,0.0006968078552338986,0.0021973766149003563,0.0145607348773575
frequency,1.0,7.130434782608695,22.48575490027543,149.0
