,min,mean,std,max
frequency,1.0,1.2,0.44721359549995804,2.0
support,8.798944126704795e-05,0.00010558732952045756,3.935007439506889e-05,0.0001759788825340959
