,min,mean,std,max
frequency,1.0,9.444444444444445,13.988764584165216,58.0
support,8.798944126704795e-05,0.0008342702579394177,0.001237028261796747,0.005191377034755829
