,min,mean,std,max
support,0.0001158882836945,0.00095929745947125,0.0011826807102072795,0.0048673079151697
frequency,1.0,8.277777777777779,10.20535184837869,42.0
