,min,mean,std,max
frequency,1.0,9.462962962962964,14.041331124022799,59.0
support,8.809020436927414e-05,0.0008352256414271921,0.0012384448727378464,0.005197322057787174
