,min,mean,std,max
frequency,1.0,1.2,0.44721359549995804,2.0
support,8.819119851838787e-05,0.00010582943822206544,3.94403029808588e-05,0.00017638239703677574
