,min,mean,std,max
frequency,1.0,4.563218390804598,9.810650536030876,75.0
support,8.819119851838787e-05,0.00040243569898620695,0.0008652130290176276,0.00661433988887909
