,min,mean,std,max
support,0.0009099181073703,0.007532099888787738,0.0092860344389251,0.0382165605095541
frequency,1.0,8.277777777777779,10.20535184837869,42.0
