,min,mean,std,max
frequency,1.0,9.462962962962964,13.992872798979256,58.0
support,8.819119851838787e-05,0.0008361832155817519,0.0012398647319269802,0.005203280712584884
