,min,mean,std,max
frequency,1.0,1.2,0.44721359549995804,2.0
support,8.809020436927414e-05,0.00010570824524312897,3.9395137024309195e-05,0.00017618040873854828
