,min,mean,std,max
frequency,1.0,9.425925925925926,14.041181818576884,59.0
support,8.803591865481116e-05,0.0008347109324308023,0.0012376816793133222,0.005194119200633859
