,min,mean,std,max
frequency,1.0,4.563218390804598,9.810650536030876,75.0
support,8.798944126704795e-05,0.0004015150365864141,0.0008632336591316216,0.006599208095028597
