,min,mean,std,max
frequency,1.0,7.07,22.690831593043,149.0
support,8.809020436927414e-05,0.0006227977448907682,0.00199883999233994,0.013125440451021847
