,min,mean,std,max
support,9.69274013763691e-05,0.0003230913379212148,0.0007380255668883544,0.0053310070757003
frequency,1.0,3.3333333333333335,7.614209773587175,55.0
