,min,mean,std,max
frequency,1.0,7.08,22.69680705528975,149.0
support,8.798944126704795e-05,0.0006229652441706993,0.0019970793713409373,0.013110426748790146
