,min,mean,std,max
frequency,1.0,9.03867403314917,26.900218751416517,313.0
support,8.798944126704795e-05,0.0007965232017461772,0.0023670917121248283,0.02754069511658601
