,min,mean,std,max
support,0.000106974753958,0.0019804613944936294,0.010526962926189813,0.1252674368848951
frequency,1.0,18.51038575667656,98.40060572624147,1171.0
