,min,mean,std,max
frequency,1.0,7.07,22.690831593043,149.0
support,8.819119851838787e-05,0.0006235117735250023,0.002001131633569362,0.013140488579239792
