,min,mean,std,max
support,0.0001158882836945,0.0007445822227372487,0.0024568243488068417,0.0172673542704832
frequency,1.0,6.425,21.19993730585428,149.0
