,min,mean,std,max
frequency,1.0,9.046961325966851,26.893562733536356,313.0
support,8.819119851838787e-05,0.0007981059843818745,0.002372152040436427,0.0276038451362554
