,min,mean,std,max
support,0.0001062812201084,0.00014170829347786668,6.136149103938661e-05,0.0002125624402168
frequency,1.0,1.3333333333333333,0.5773502691896257,2.0
