,min,mean,std,max
support,0.0001158882836945,0.00041810674901548815,0.0009285764306394029,0.0063738556031985
frequency,1.0,3.607843137254902,8.012686019987427,55.0
