,min,mean,std,max
frequency,1.0,4.563218390804598,9.810650536030876,75.0
support,8.809020436927414e-05,0.00040197484062760744,0.000864222210714489,0.0066067653276955605
