,min,mean,std,max
frequency,1.0,9.041436464088397,26.89058462401217,313.0
support,8.809020436927414e-05,0.0007974353583373242,0.0023698024408296925,0.027572233967582804
