,min,mean,std,max
frequency,1.0,4.563218390804598,9.810650536030876,75.0
support,8.803591865481116e-05,0.00040172712305701195,0.0008636896325407941,0.006602693899110838
