,min,mean,std,max
support,0.0001158882836945,0.001005861335587949,0.003116665651356167,0.0343029319735774
frequency,1.0,8.679577464788732,26.89370790555241,296.0
