,min,mean,std,max
frequency,1.0,9.022099447513812,26.893749245664832,313.0
support,8.803591865481116e-05,0.0007969439376569506,0.002368342046685331,0.027555242538955894
